This file contains any messages produced by compilers while
running configure, to aid debugging if configure makes a mistake.

It was created by SoX configure 14.4.2, which was
generated by GNU Autoconf 2.69.  Invocation command line was

  $ ./configure --disable-shared --enable-static --without-lame --without-mad --without-libvorbis

## --------- ##
## Platform. ##
## --------- ##

hostname = VoiceboxMDs-Mac-mini.local
uname -m = arm64
uname -r = 24.3.0
uname -s = Darwin
uname -v = Darwin Kernel Version 24.3.0: Thu Jan  2 20:22:58 PST 2025; root:xnu-11215.81.4~3/RELEASE_ARM64_T8132

/usr/bin/uname -p = arm
/bin/uname -X     = unknown

/bin/arch              = unknown
/usr/bin/arch -k       = unknown
/usr/convex/getsysinfo = unknown
/usr/bin/hostinfo      = Mach kernel version:
	 Darwin Kernel Version 24.3.0: Thu Jan  2 20:22:58 PST 2025; root:xnu-11215.81.4~3/RELEASE_ARM64_T8132
Kernel configured for up to 10 processors.
10 processors are physically available.
10 processors are logically available.
Processor type: arm64e (ARM64E)
Processors active: 0 1 2 3 4 5 6 7 8 9
Primary memory available: 16.00 gigabytes
Default processor set: 652 tasks, 2785 threads, 10 processors
Load average: 2.47, Mach factor: 7.52
/bin/machine           = unknown
/usr/bin/oslevel       = unknown
/bin/universe          = unknown

PATH: /Users/voiceboxmd/.nvm/versions/node/v18.20.7/bin
PATH: /opt/homebrew/bin
PATH: /opt/homebrew/sbin
PATH: /usr/local/bin
PATH: /System/Cryptexes/App/usr/bin
PATH: /usr/bin
PATH: /bin
PATH: /usr/sbin
PATH: /sbin
PATH: /var/run/com.apple.security.cryptexd/codex.system/bootstrap/usr/local/bin
PATH: /var/run/com.apple.security.cryptexd/codex.system/bootstrap/usr/bin
PATH: /var/run/com.apple.security.cryptexd/codex.system/bootstrap/usr/appleinternal/bin


## ----------- ##
## Core tests. ##
## ----------- ##

configure:2609: checking build system type
configure:2623: result: arm-apple-darwin24.3.0
configure:2643: checking host system type
configure:2656: result: arm-apple-darwin24.3.0
configure:2676: checking target system type
configure:2689: result: arm-apple-darwin24.3.0
configure:2732: checking for a BSD-compatible install
configure:2800: result: /usr/bin/install -c
configure:2811: checking whether build environment is sane
configure:2866: result: yes
configure:3017: checking for a thread-safe mkdir -p
configure:3056: result: ./install-sh -c -d
configure:3063: checking for gawk
configure:3093: result: no
configure:3063: checking for mawk
configure:3093: result: no
configure:3063: checking for nawk
configure:3093: result: no
configure:3063: checking for awk
configure:3079: found /usr/bin/awk
configure:3090: result: awk
configure:3101: checking whether make sets $(MAKE)
configure:3123: result: yes
configure:3152: checking whether make supports nested variables
configure:3169: result: yes
configure:3305: checking whether make supports nested variables
configure:3322: result: yes
configure:3387: checking for gcc
configure:3403: found /usr/bin/gcc
configure:3414: result: gcc
configure:3643: checking for C compiler version
configure:3652: gcc --version >&5
Apple clang version 16.0.0 (clang-1600.0.26.6)
Target: arm64-apple-darwin24.3.0
Thread model: posix
InstalledDir: /Library/Developer/CommandLineTools/usr/bin
configure:3663: $? = 0
configure:3652: gcc -v >&5
Apple clang version 16.0.0 (clang-1600.0.26.6)
Target: arm64-apple-darwin24.3.0
Thread model: posix
InstalledDir: /Library/Developer/CommandLineTools/usr/bin
configure:3663: $? = 0
configure:3652: gcc -V >&5
clang: error: argument to '-V' is missing (expected 1 value)
clang: error: no input files
configure:3663: $? = 1
configure:3652: gcc -qversion >&5
clang: error: unknown argument '-qversion'; did you mean '--version'?
clang: error: no input files
configure:3663: $? = 1
configure:3683: checking whether the C compiler works
configure:3705: gcc    conftest.c  >&5
configure:3709: $? = 0
configure:3757: result: yes
configure:3760: checking for C compiler default output file name
configure:3762: result: a.out
configure:3768: checking for suffix of executables
configure:3775: gcc -o conftest    conftest.c  >&5
configure:3779: $? = 0
configure:3801: result: 
configure:3823: checking whether we are cross compiling
configure:3831: gcc -o conftest    conftest.c  >&5
configure:3835: $? = 0
configure:3842: ./conftest
configure:3846: $? = 0
configure:3861: result: no
configure:3866: checking for suffix of object files
configure:3888: gcc -c   conftest.c >&5
configure:3892: $? = 0
configure:3913: result: o
configure:3917: checking whether we are using the GNU C compiler
configure:3936: gcc -c   conftest.c >&5
configure:3936: $? = 0
configure:3945: result: yes
configure:3954: checking whether gcc accepts -g
configure:3974: gcc -c -g  conftest.c >&5
configure:3974: $? = 0
configure:4015: result: yes
configure:4032: checking for gcc option to accept ISO C89
configure:4095: gcc  -c -g -O2  conftest.c >&5
conftest.c:17:14: warning: a function definition without a prototype is deprecated in all versions of C and is not supported in C2x [-Wdeprecated-non-prototype]
   17 | static char *e (p, i)
      |              ^
1 warning generated.
configure:4095: $? = 0
configure:4108: result: none needed
configure:4133: checking whether gcc understands -c and -o together
configure:4155: gcc -c conftest.c -o conftest2.o
configure:4158: $? = 0
configure:4155: gcc -c conftest.c -o conftest2.o
configure:4158: $? = 0
configure:4170: result: yes
configure:4198: checking for style of include used by make
configure:4226: result: GNU
configure:4252: checking dependency style of gcc
configure:4363: result: gcc3
configure:4380: checking whether ln -s works
configure:4384: result: yes
configure:4461: checking how to print strings
configure:4488: result: printf
configure:4509: checking for a sed that does not truncate output
configure:4573: result: /usr/bin/sed
configure:4591: checking for grep that handles long lines and -e
configure:4649: result: /usr/bin/grep
configure:4654: checking for egrep
configure:4716: result: /usr/bin/grep -E
configure:4721: checking for fgrep
configure:4783: result: /usr/bin/grep -F
configure:4818: checking for ld used by gcc
configure:4885: result: /Library/Developer/CommandLineTools/usr/bin/ld
configure:4892: checking if the linker (/Library/Developer/CommandLineTools/usr/bin/ld) is GNU ld
configure:4907: result: no
configure:4919: checking for BSD- or MS-compatible name lister (nm)
configure:4968: result: /usr/bin/nm -B
configure:5098: checking the name lister (/usr/bin/nm -B) interface
configure:5105: gcc -c -g -O2  conftest.c >&5
configure:5108: /usr/bin/nm -B "conftest.o"
configure:5111: output
000000000000023c S _some_variable
0000000000000000 t ltmp0
000000000000023c s ltmp1
configure:5118: result: BSD nm
configure:5122: checking the maximum length of command line arguments
configure:5252: result: 786432
configure:5269: checking whether the shell understands some XSI constructs
configure:5279: result: yes
configure:5283: checking whether the shell understands "+="
configure:5289: result: yes
configure:5324: checking how to convert arm-apple-darwin24.3.0 file names to arm-apple-darwin24.3.0 format
configure:5364: result: func_convert_file_noop
configure:5371: checking how to convert arm-apple-darwin24.3.0 file names to toolchain format
configure:5391: result: func_convert_file_noop
configure:5398: checking for /Library/Developer/CommandLineTools/usr/bin/ld option to reload object files
configure:5405: result: -r
configure:5479: checking for objdump
configure:5495: found /usr/bin/objdump
configure:5506: result: objdump
configure:5535: checking how to recognize dependent libraries
configure:5737: result: pass_all
configure:5822: checking for dlltool
configure:5852: result: no
configure:5879: checking how to associate runtime and link libraries
configure:5906: result: printf %s\n
configure:5967: checking for ar
configure:5983: found /usr/bin/ar
configure:5994: result: ar
configure:6031: checking for archiver @FILE support
configure:6048: gcc -c -g -O2  conftest.c >&5
configure:6048: $? = 0
configure:6051: ar cru libconftest.a @conftest.lst >&5
ar: @conftest.lst: No such file or directory
configure:6054: $? = 1
configure:6074: result: no
configure:6132: checking for strip
configure:6148: found /usr/bin/strip
configure:6159: result: strip
configure:6231: checking for ranlib
configure:6247: found /usr/bin/ranlib
configure:6258: result: ranlib
configure:6360: checking command to parse /usr/bin/nm -B output from gcc object
configure:6480: gcc -c -g -O2  conftest.c >&5
configure:6483: $? = 0
configure:6487: /usr/bin/nm -B conftest.o \| sed -n -e 's/^.*[ ]\([ABCDGIRSTW][ABCDGIRSTW]*\)[ ][ ]*\([_A-Za-z][_A-Za-z0-9]*\)$/\1 \2 \2/p' | sed '/ __gnu_lto/d' \> conftest.nm
configure:6490: $? = 0
cannot find nm_test_var in conftest.nm
configure:6480: gcc -c -g -O2  conftest.c >&5
configure:6483: $? = 0
configure:6487: /usr/bin/nm -B conftest.o \| sed -n -e 's/^.*[ ]\([ABCDGIRSTW][ABCDGIRSTW]*\)[ ][ ]*_\([_A-Za-z][_A-Za-z0-9]*\)$/\1 _\2 \2/p' | sed '/ __gnu_lto/d' \> conftest.nm
configure:6490: $? = 0
configure:6556: gcc -o conftest -g -O2   conftest.c conftstm.o >&5
configure:6559: $? = 0
configure:6597: result: ok
configure:6634: checking for sysroot
configure:6664: result: no
configure:6926: checking for mt
configure:6956: result: no
configure:6976: checking if : is a manifest tool
configure:6982: : '-?'
configure:6990: result: no
configure:7046: checking for dsymutil
configure:7062: found /usr/bin/dsymutil
configure:7073: result: dsymutil
configure:7138: checking for nmedit
configure:7154: found /usr/bin/nmedit
configure:7165: result: nmedit
configure:7230: checking for lipo
configure:7246: found /usr/bin/lipo
configure:7257: result: lipo
configure:7322: checking for otool
configure:7338: found /usr/bin/otool
configure:7349: result: otool
configure:7414: checking for otool64
configure:7444: result: no
configure:7489: checking for -single_module linker flag
gcc -g -O2  -o libconftest.dylib -dynamiclib -Wl,-single_module conftest.c
ld: warning: -single_module is obsolete
configure:7522: result: no
configure:7525: checking for -exported_symbols_list linker flag
configure:7545: gcc -o conftest -g -O2   -Wl,-exported_symbols_list,conftest.sym conftest.c  >&5
configure:7545: $? = 0
configure:7555: result: yes
configure:7558: checking for -force_load linker flag
gcc -g -O2 -c -o conftest.o conftest.c
ar cru libconftest.a conftest.o
ranlib libconftest.a
gcc -g -O2  -o conftest conftest.c -Wl,-force_load,./libconftest.a
configure:7590: result: yes
configure:7632: checking how to run the C preprocessor
configure:7663: gcc -E  conftest.c
configure:7663: $? = 0
configure:7677: gcc -E  conftest.c
conftest.c:11:10: fatal error: 'ac_nonexistent.h' file not found
   11 | #include <ac_nonexistent.h>
      |          ^~~~~~~~~~~~~~~~~~
1 error generated.
configure:7677: $? = 1
configure: failed program was:
| /* confdefs.h */
| #define PACKAGE_NAME "SoX"
| #define PACKAGE_TARNAME "sox"
| #define PACKAGE_VERSION "14.4.2"
| #define PACKAGE_STRING "SoX 14.4.2"
| #define PACKAGE_BUGREPORT "sox-devel@lists.sourceforge.net"
| #define PACKAGE_URL ""
| #define PACKAGE "sox"
| #define VERSION "14.4.2"
| /* end confdefs.h.  */
| #include <ac_nonexistent.h>
configure:7702: result: gcc -E
configure:7722: gcc -E  conftest.c
configure:7722: $? = 0
configure:7736: gcc -E  conftest.c
conftest.c:11:10: fatal error: 'ac_nonexistent.h' file not found
   11 | #include <ac_nonexistent.h>
      |          ^~~~~~~~~~~~~~~~~~
1 error generated.
configure:7736: $? = 1
configure: failed program was:
| /* confdefs.h */
| #define PACKAGE_NAME "SoX"
| #define PACKAGE_TARNAME "sox"
| #define PACKAGE_VERSION "14.4.2"
| #define PACKAGE_STRING "SoX 14.4.2"
| #define PACKAGE_BUGREPORT "sox-devel@lists.sourceforge.net"
| #define PACKAGE_URL ""
| #define PACKAGE "sox"
| #define VERSION "14.4.2"
| /* end confdefs.h.  */
| #include <ac_nonexistent.h>
configure:7765: checking for ANSI C header files
configure:7785: gcc -c -g -O2  conftest.c >&5
configure:7785: $? = 0
configure:7858: gcc -o conftest -g -O2   conftest.c  >&5
configure:7858: $? = 0
configure:7858: ./conftest
configure:7858: $? = 0
configure:7869: result: yes
configure:7882: checking for sys/types.h
configure:7882: gcc -c -g -O2  conftest.c >&5
configure:7882: $? = 0
configure:7882: result: yes
configure:7882: checking for sys/stat.h
configure:7882: gcc -c -g -O2  conftest.c >&5
configure:7882: $? = 0
configure:7882: result: yes
configure:7882: checking for stdlib.h
configure:7882: gcc -c -g -O2  conftest.c >&5
configure:7882: $? = 0
configure:7882: result: yes
configure:7882: checking for string.h
configure:7882: gcc -c -g -O2  conftest.c >&5
configure:7882: $? = 0
configure:7882: result: yes
configure:7882: checking for memory.h
configure:7882: gcc -c -g -O2  conftest.c >&5
configure:7882: $? = 0
configure:7882: result: yes
configure:7882: checking for strings.h
configure:7882: gcc -c -g -O2  conftest.c >&5
configure:7882: $? = 0
configure:7882: result: yes
configure:7882: checking for inttypes.h
configure:7882: gcc -c -g -O2  conftest.c >&5
configure:7882: $? = 0
configure:7882: result: yes
configure:7882: checking for stdint.h
configure:7882: gcc -c -g -O2  conftest.c >&5
configure:7882: $? = 0
configure:7882: result: yes
configure:7882: checking for unistd.h
configure:7882: gcc -c -g -O2  conftest.c >&5
configure:7882: $? = 0
configure:7882: result: yes
configure:7896: checking for dlfcn.h
configure:7896: gcc -c -g -O2  conftest.c >&5
configure:7896: $? = 0
configure:7896: result: yes
configure:8399: checking for objdir
configure:8414: result: .libs
configure:8685: checking if gcc supports -fno-rtti -fno-exceptions
configure:8703: gcc -c -g -O2  -fno-rtti -fno-exceptions conftest.c >&5
configure:8707: $? = 0
configure:8720: result: yes
configure:9047: checking for gcc option to produce PIC
configure:9054: result: -fno-common -DPIC
configure:9062: checking if gcc PIC flag -fno-common -DPIC works
configure:9080: gcc -c -g -O2  -fno-common -DPIC -DPIC conftest.c >&5
configure:9084: $? = 0
configure:9097: result: yes
configure:9126: checking if gcc static flag -static works
configure:9154: result: no
configure:9169: checking if gcc supports -c -o file.o
configure:9190: gcc -c -g -O2  -o out/conftest2.o conftest.c >&5
configure:9194: $? = 0
configure:9216: result: yes
configure:9224: checking if gcc supports -c -o file.o
configure:9271: result: yes
configure:9304: checking whether the gcc linker (/Library/Developer/CommandLineTools/usr/bin/ld) supports shared libraries
configure:10457: result: yes
configure:10697: checking dynamic linker characteristics
configure:11434: result: darwin24.3.0 dyld
configure:11541: checking how to hardcode library paths into programs
configure:11566: result: immediate
configure:11611: checking for dlopen in -ldl
configure:11636: gcc -o conftest -g -O2   conftest.c -ldl   >&5
configure:11636: $? = 0
configure:11645: result: yes
configure:11860: checking whether a program can dlopen itself
configure:11940: gcc -o conftest -g -O2  -DHAVE_DLFCN_H   conftest.c -ldl  >&5
configure:11943: $? = 0
configure:11961: result: yes
configure:11966: checking whether a statically linked program can dlopen itself
configure:12046: gcc -o conftest -g -O2  -DHAVE_DLFCN_H    conftest.c -ldl  >&5
configure:12049: $? = 0
configure:12067: result: yes
configure:12106: checking whether stripping libraries is possible
configure:12120: result: yes
configure:12146: checking if libtool supports shared libraries
configure:12148: result: yes
configure:12151: checking whether to build shared libraries
configure:12172: result: no
configure:12175: checking whether to build static libraries
configure:12179: result: yes
configure:12296: checking for pkg-config
configure:12314: found /opt/homebrew/bin/pkg-config
configure:12326: result: /opt/homebrew/bin/pkg-config
configure:12351: checking pkg-config is at least version 0.9.0
configure:12354: result: yes
configure:12394: checking whether to make a debug build
configure:12401: result: 
configure:12439: checking whether libssp exists
configure:12457: gcc -o conftest -g -O2   conftest.c  -lssp >&5
ld: library 'ssp' not found
clang: error: linker command failed with exit code 1 (use -v to see invocation)
configure:12457: $? = 1
configure: failed program was:
| /* confdefs.h */
| #define PACKAGE_NAME "SoX"
| #define PACKAGE_TARNAME "sox"
| #define PACKAGE_VERSION "14.4.2"
| #define PACKAGE_STRING "SoX 14.4.2"
| #define PACKAGE_BUGREPORT "sox-devel@lists.sourceforge.net"
| #define PACKAGE_URL ""
| #define PACKAGE "sox"
| #define VERSION "14.4.2"
| #define STDC_HEADERS 1
| #define HAVE_SYS_TYPES_H 1
| #define HAVE_SYS_STAT_H 1
| #define HAVE_STDLIB_H 1
| #define HAVE_STRING_H 1
| #define HAVE_MEMORY_H 1
| #define HAVE_STRINGS_H 1
| #define HAVE_INTTYPES_H 1
| #define HAVE_STDINT_H 1
| #define HAVE_UNISTD_H 1
| #define HAVE_DLFCN_H 1
| #define LT_OBJDIR ".libs/"
| /* end confdefs.h.  */
| 
| int
| main ()
| {
| 
|   ;
|   return 0;
| }
configure:12467: result: no
configure:12474: checking whether stack-smashing protection is available
configure:12508: result: no
configure:12523: checking whether gcc accepts -fstack-protector
configure:12541: gcc -c -g -O2 -fstack-protector -Werror  conftest.c >&5
configure:12541: $? = 0
configure:12550: result: yes
configure:12566: checking gcc version
configure:12569: result: 16.0.0
configure:12624: checking whether byte ordering is bigendian
configure:12639: gcc -c -g -O2 -fstack-protector -Wall -W -Wmissing-prototypes -Wstrict-prototypes -pedantic  conftest.c >&5
configure:12639: $? = 0
configure:12684: gcc -c -g -O2 -fstack-protector -Wall -W -Wmissing-prototypes -Wstrict-prototypes -pedantic  conftest.c >&5
conftest.c:28:6: warning: a function declaration without a prototype is deprecated in all versions of C [-Wstrict-prototypes]
   28 | main ()
      |      ^
      |       void
1 warning generated.
configure:12684: $? = 0
configure:12702: gcc -c -g -O2 -fstack-protector -Wall -W -Wmissing-prototypes -Wstrict-prototypes -pedantic  conftest.c >&5
conftest.c:28:6: warning: a function declaration without a prototype is deprecated in all versions of C [-Wstrict-prototypes]
   28 | main ()
      |      ^
      |       void
conftest.c:31:4: error: use of undeclared identifier 'not'
   31 |                  not big endian
      |                  ^
1 warning and 1 error generated.
configure:12702: $? = 1
configure: failed program was:
| /* confdefs.h */
| #define PACKAGE_NAME "SoX"
| #define PACKAGE_TARNAME "sox"
| #define PACKAGE_VERSION "14.4.2"
| #define PACKAGE_STRING "SoX 14.4.2"
| #define PACKAGE_BUGREPORT "sox-devel@lists.sourceforge.net"
| #define PACKAGE_URL ""
| #define PACKAGE "sox"
| #define VERSION "14.4.2"
| #define STDC_HEADERS 1
| #define HAVE_SYS_TYPES_H 1
| #define HAVE_SYS_STAT_H 1
| #define HAVE_STDLIB_H 1
| #define HAVE_STRING_H 1
| #define HAVE_MEMORY_H 1
| #define HAVE_STRINGS_H 1
| #define HAVE_INTTYPES_H 1
| #define HAVE_STDINT_H 1
| #define HAVE_UNISTD_H 1
| #define HAVE_DLFCN_H 1
| #define LT_OBJDIR ".libs/"
| #define ENABLE_SSP_CC 1
| /* end confdefs.h.  */
| #include <sys/types.h>
| 		#include <sys/param.h>
| 
| int
| main ()
| {
| #if BYTE_ORDER != BIG_ENDIAN
| 		 not big endian
| 		#endif
| 
|   ;
|   return 0;
| }
configure:12830: result: no
configure:12848: checking for inline
configure:12864: gcc -c -g -O2 -fstack-protector -Wall -W -Wmissing-prototypes -Wstrict-prototypes -pedantic  conftest.c >&5
conftest.c:26:32: warning: a function declaration without a prototype is deprecated in all versions of C [-Wstrict-prototypes]
   26 | static inline foo_t static_foo () {return 0; }
      |                                ^
      |                                 void
conftest.c:27:18: warning: a function declaration without a prototype is deprecated in all versions of C [-Wstrict-prototypes]
   27 | inline foo_t foo () {return 0; }
      |                  ^
      |                   void
conftest.c:26:21: warning: unused function 'static_foo' [-Wunused-function]
   26 | static inline foo_t static_foo () {return 0; }
      |                     ^~~~~~~~~~
3 warnings generated.
configure:12864: $? = 0
configure:12872: result: inline
configure:12891: checking for ANSI C header files
configure:12995: result: yes
configure:13006: checking fcntl.h usability
configure:13006: gcc -c -g -O2 -fstack-protector -Wall -W -Wmissing-prototypes -Wstrict-prototypes -pedantic  conftest.c >&5
configure:13006: $? = 0
configure:13006: result: yes
configure:13006: checking fcntl.h presence
configure:13006: gcc -E  conftest.c
configure:13006: $? = 0
configure:13006: result: yes
configure:13006: checking for fcntl.h
configure:13006: result: yes
configure:13006: checking for unistd.h
configure:13006: result: yes
configure:13006: checking byteswap.h usability
configure:13006: gcc -c -g -O2 -fstack-protector -Wall -W -Wmissing-prototypes -Wstrict-prototypes -pedantic  conftest.c >&5
conftest.c:60:10: fatal error: 'byteswap.h' file not found
   60 | #include <byteswap.h>
      |          ^~~~~~~~~~~~
1 error generated.
configure:13006: $? = 1
configure: failed program was:
| /* confdefs.h */
| #define PACKAGE_NAME "SoX"
| #define PACKAGE_TARNAME "sox"
| #define PACKAGE_VERSION "14.4.2"
| #define PACKAGE_STRING "SoX 14.4.2"
| #define PACKAGE_BUGREPORT "sox-devel@lists.sourceforge.net"
| #define PACKAGE_URL ""
| #define PACKAGE "sox"
| #define VERSION "14.4.2"
| #define STDC_HEADERS 1
| #define HAVE_SYS_TYPES_H 1
| #define HAVE_SYS_STAT_H 1
| #define HAVE_STDLIB_H 1
| #define HAVE_STRING_H 1
| #define HAVE_MEMORY_H 1
| #define HAVE_STRINGS_H 1
| #define HAVE_INTTYPES_H 1
| #define HAVE_STDINT_H 1
| #define HAVE_UNISTD_H 1
| #define HAVE_DLFCN_H 1
| #define LT_OBJDIR ".libs/"
| #define ENABLE_SSP_CC 1
| #define STDC_HEADERS 1
| #define HAVE_FCNTL_H 1
| #define HAVE_UNISTD_H 1
| /* end confdefs.h.  */
| #include <stdio.h>
| #ifdef HAVE_SYS_TYPES_H
| # include <sys/types.h>
| #endif
| #ifdef HAVE_SYS_STAT_H
| # include <sys/stat.h>
| #endif
| #ifdef STDC_HEADERS
| # include <stdlib.h>
| # include <stddef.h>
| #else
| # ifdef HAVE_STDLIB_H
| #  include <stdlib.h>
| # endif
| #endif
| #ifdef HAVE_STRING_H
| # if !defined STDC_HEADERS && defined HAVE_MEMORY_H
| #  include <memory.h>
| # endif
| # include <string.h>
| #endif
| #ifdef HAVE_STRINGS_H
| # include <strings.h>
| #endif
| #ifdef HAVE_INTTYPES_H
| # include <inttypes.h>
| #endif
| #ifdef HAVE_STDINT_H
| # include <stdint.h>
| #endif
| #ifdef HAVE_UNISTD_H
| # include <unistd.h>
| #endif
| #include <byteswap.h>
configure:13006: result: no
configure:13006: checking byteswap.h presence
configure:13006: gcc -E  conftest.c
conftest.c:27:10: fatal error: 'byteswap.h' file not found
   27 | #include <byteswap.h>
      |          ^~~~~~~~~~~~
1 error generated.
configure:13006: $? = 1
configure: failed program was:
| /* confdefs.h */
| #define PACKAGE_NAME "SoX"
| #define PACKAGE_TARNAME "sox"
| #define PACKAGE_VERSION "14.4.2"
| #define PACKAGE_STRING "SoX 14.4.2"
| #define PACKAGE_BUGREPORT "sox-devel@lists.sourceforge.net"
| #define PACKAGE_URL ""
| #define PACKAGE "sox"
| #define VERSION "14.4.2"
| #define STDC_HEADERS 1
| #define HAVE_SYS_TYPES_H 1
| #define HAVE_SYS_STAT_H 1
| #define HAVE_STDLIB_H 1
| #define HAVE_STRING_H 1
| #define HAVE_MEMORY_H 1
| #define HAVE_STRINGS_H 1
| #define HAVE_INTTYPES_H 1
| #define HAVE_STDINT_H 1
| #define HAVE_UNISTD_H 1
| #define HAVE_DLFCN_H 1
| #define LT_OBJDIR ".libs/"
| #define ENABLE_SSP_CC 1
| #define STDC_HEADERS 1
| #define HAVE_FCNTL_H 1
| #define HAVE_UNISTD_H 1
| /* end confdefs.h.  */
| #include <byteswap.h>
configure:13006: result: no
configure:13006: checking for byteswap.h
configure:13006: result: no
configure:13006: checking for sys/stat.h
configure:13006: result: yes
configure:13006: checking sys/time.h usability
configure:13006: gcc -c -g -O2 -fstack-protector -Wall -W -Wmissing-prototypes -Wstrict-prototypes -pedantic  conftest.c >&5
configure:13006: $? = 0
configure:13006: result: yes
configure:13006: checking sys/time.h presence
configure:13006: gcc -E  conftest.c
configure:13006: $? = 0
configure:13006: result: yes
configure:13006: checking for sys/time.h
configure:13006: result: yes
configure:13006: checking sys/timeb.h usability
configure:13006: gcc -c -g -O2 -fstack-protector -Wall -W -Wmissing-prototypes -Wstrict-prototypes -pedantic  conftest.c >&5
configure:13006: $? = 0
configure:13006: result: yes
configure:13006: checking sys/timeb.h presence
configure:13006: gcc -E  conftest.c
configure:13006: $? = 0
configure:13006: result: yes
configure:13006: checking for sys/timeb.h
configure:13006: result: yes
configure:13006: checking for sys/types.h
configure:13006: result: yes
configure:13006: checking sys/utsname.h usability
configure:13006: gcc -c -g -O2 -fstack-protector -Wall -W -Wmissing-prototypes -Wstrict-prototypes -pedantic  conftest.c >&5
configure:13006: $? = 0
configure:13006: result: yes
configure:13006: checking sys/utsname.h presence
configure:13006: gcc -E  conftest.c
configure:13006: $? = 0
configure:13006: result: yes
configure:13006: checking for sys/utsname.h
configure:13006: result: yes
configure:13006: checking termios.h usability
configure:13006: gcc -c -g -O2 -fstack-protector -Wall -W -Wmissing-prototypes -Wstrict-prototypes -pedantic  conftest.c >&5
configure:13006: $? = 0
configure:13006: result: yes
configure:13006: checking termios.h presence
configure:13006: gcc -E  conftest.c
configure:13006: $? = 0
configure:13006: result: yes
configure:13006: checking for termios.h
configure:13006: result: yes
configure:13006: checking glob.h usability
configure:13006: gcc -c -g -O2 -fstack-protector -Wall -W -Wmissing-prototypes -Wstrict-prototypes -pedantic  conftest.c >&5
configure:13006: $? = 0
configure:13006: result: yes
configure:13006: checking glob.h presence
configure:13006: gcc -E  conftest.c
configure:13006: $? = 0
configure:13006: result: yes
configure:13006: checking for glob.h
configure:13006: result: yes
configure:13006: checking fenv.h usability
configure:13006: gcc -c -g -O2 -fstack-protector -Wall -W -Wmissing-prototypes -Wstrict-prototypes -pedantic  conftest.c >&5
configure:13006: $? = 0
configure:13006: result: yes
configure:13006: checking fenv.h presence
configure:13006: gcc -E  conftest.c
configure:13006: $? = 0
configure:13006: result: yes
configure:13006: checking for fenv.h
configure:13006: result: yes
configure:13020: checking for strcasecmp
configure:13020: gcc -o conftest -g -O2 -fstack-protector -Wall -W -Wmissing-prototypes -Wstrict-prototypes -pedantic   conftest.c  >&5
conftest.c:58:17: warning: a function declaration without a prototype is deprecated in all versions of C [-Wstrict-prototypes]
   58 | char strcasecmp ();
      |                 ^
      |                  void
conftest.c:58:6: warning: incompatible redeclaration of library function 'strcasecmp' [-Wincompatible-library-redeclaration]
   58 | char strcasecmp ();
      |      ^
conftest.c:58:6: note: 'strcasecmp' is a builtin with type 'int (const char *, const char *)'
conftest.c:67:6: warning: a function declaration without a prototype is deprecated in all versions of C [-Wstrict-prototypes]
   67 | main ()
      |      ^
      |       void
3 warnings generated.
configure:13020: $? = 0
configure:13020: result: yes
configure:13020: checking for strdup
configure:13020: gcc -o conftest -g -O2 -fstack-protector -Wall -W -Wmissing-prototypes -Wstrict-prototypes -pedantic   conftest.c  >&5
conftest.c:59:13: warning: a function declaration without a prototype is deprecated in all versions of C [-Wstrict-prototypes]
   59 | char strdup ();
      |             ^
      |              void
conftest.c:59:6: warning: incompatible redeclaration of library function 'strdup' [-Wincompatible-library-redeclaration]
   59 | char strdup ();
      |      ^
conftest.c:59:6: note: 'strdup' is a builtin with type 'char *(const char *)'
conftest.c:68:6: warning: a function declaration without a prototype is deprecated in all versions of C [-Wstrict-prototypes]
   68 | main ()
      |      ^
      |       void
3 warnings generated.
configure:13020: $? = 0
configure:13020: result: yes
configure:13020: checking for popen
configure:13020: gcc -o conftest -g -O2 -fstack-protector -Wall -W -Wmissing-prototypes -Wstrict-prototypes -pedantic   conftest.c  >&5
conftest.c:60:12: warning: a function declaration without a prototype is deprecated in all versions of C [-Wstrict-prototypes]
   60 | char popen ();
      |            ^
      |             void
conftest.c:69:6: warning: a function declaration without a prototype is deprecated in all versions of C [-Wstrict-prototypes]
   69 | main ()
      |      ^
      |       void
2 warnings generated.
configure:13020: $? = 0
configure:13020: result: yes
configure:13020: checking for vsnprintf
configure:13020: gcc -o conftest -g -O2 -fstack-protector -Wall -W -Wmissing-prototypes -Wstrict-prototypes -pedantic   conftest.c  >&5
conftest.c:61:16: warning: a function declaration without a prototype is deprecated in all versions of C [-Wstrict-prototypes]
   61 | char vsnprintf ();
      |                ^
      |                 void
conftest.c:61:6: warning: incompatible redeclaration of library function 'vsnprintf' [-Wincompatible-library-redeclaration]
   61 | char vsnprintf ();
      |      ^
conftest.c:61:6: note: 'vsnprintf' is a builtin with type 'int (char *, unsigned long, const char *, __builtin_va_list)'
conftest.c:70:6: warning: a function declaration without a prototype is deprecated in all versions of C [-Wstrict-prototypes]
   70 | main ()
      |      ^
      |       void
3 warnings generated.
configure:13020: $? = 0
configure:13020: result: yes
configure:13020: checking for gettimeofday
configure:13020: gcc -o conftest -g -O2 -fstack-protector -Wall -W -Wmissing-prototypes -Wstrict-prototypes -pedantic   conftest.c  >&5
conftest.c:62:19: warning: a function declaration without a prototype is deprecated in all versions of C [-Wstrict-prototypes]
   62 | char gettimeofday ();
      |                   ^
      |                    void
conftest.c:71:6: warning: a function declaration without a prototype is deprecated in all versions of C [-Wstrict-prototypes]
   71 | main ()
      |      ^
      |       void
2 warnings generated.
configure:13020: $? = 0
configure:13020: result: yes
configure:13020: checking for mkstemp
configure:13020: gcc -o conftest -g -O2 -fstack-protector -Wall -W -Wmissing-prototypes -Wstrict-prototypes -pedantic   conftest.c  >&5
conftest.c:63:14: warning: a function declaration without a prototype is deprecated in all versions of C [-Wstrict-prototypes]
   63 | char mkstemp ();
      |              ^
      |               void
conftest.c:72:6: warning: a function declaration without a prototype is deprecated in all versions of C [-Wstrict-prototypes]
   72 | main ()
      |      ^
      |       void
2 warnings generated.
configure:13020: $? = 0
configure:13020: result: yes
configure:13020: checking for fmemopen
configure:13020: gcc -o conftest -g -O2 -fstack-protector -Wall -W -Wmissing-prototypes -Wstrict-prototypes -pedantic   conftest.c  >&5
conftest.c:64:15: warning: a function declaration without a prototype is deprecated in all versions of C [-Wstrict-prototypes]
   64 | char fmemopen ();
      |               ^
      |                void
conftest.c:73:6: warning: a function declaration without a prototype is deprecated in all versions of C [-Wstrict-prototypes]
   73 | main ()
      |      ^
      |       void
2 warnings generated.
configure:13020: $? = 0
configure:13020: result: yes
configure:13030: checking for library containing pow
configure:13061: gcc -o conftest -g -O2 -fstack-protector -Wall -W -Wmissing-prototypes -Wstrict-prototypes -pedantic   conftest.c  >&5
conftest.c:49:10: warning: a function declaration without a prototype is deprecated in all versions of C [-Wstrict-prototypes]
   49 | char pow ();
      |          ^
      |           void
conftest.c:49:6: warning: incompatible redeclaration of library function 'pow' [-Wincompatible-library-redeclaration]
   49 | char pow ();
      |      ^
conftest.c:49:6: note: 'pow' is a builtin with type 'double (double, double)'
conftest.c:51:6: warning: a function declaration without a prototype is deprecated in all versions of C [-Wstrict-prototypes]
   51 | main ()
      |      ^
      |       void
3 warnings generated.
configure:13061: $? = 0
configure:13078: result: none required
configure:13086: checking for library containing lrint
configure:13117: gcc -o conftest -g -O2 -fstack-protector -Wall -W -Wmissing-prototypes -Wstrict-prototypes -pedantic   conftest.c  >&5
conftest.c:49:12: warning: a function declaration without a prototype is deprecated in all versions of C [-Wstrict-prototypes]
   49 | char lrint ();
      |            ^
      |             void
conftest.c:49:6: warning: incompatible redeclaration of library function 'lrint' [-Wincompatible-library-redeclaration]
   49 | char lrint ();
      |      ^
conftest.c:49:6: note: 'lrint' is a builtin with type 'long (double)'
conftest.c:51:6: warning: a function declaration without a prototype is deprecated in all versions of C [-Wstrict-prototypes]
   51 | main ()
      |      ^
      |       void
3 warnings generated.
configure:13117: $? = 0
configure:13134: result: none required
configure:13144: checking for lrint
configure:13144: gcc -o conftest -g -O2 -fstack-protector -Wall -W -Wmissing-prototypes -Wstrict-prototypes -pedantic   conftest.c  >&5
conftest.c:65:12: warning: a function declaration without a prototype is deprecated in all versions of C [-Wstrict-prototypes]
   65 | char lrint ();
      |            ^
      |             void
conftest.c:65:6: warning: incompatible redeclaration of library function 'lrint' [-Wincompatible-library-redeclaration]
   65 | char lrint ();
      |      ^
conftest.c:65:6: note: 'lrint' is a builtin with type 'long (double)'
conftest.c:74:6: warning: a function declaration without a prototype is deprecated in all versions of C [-Wstrict-prototypes]
   74 | main ()
      |      ^
      |       void
3 warnings generated.
configure:13144: $? = 0
configure:13144: result: yes
configure:13161: checking for special C compiler options needed for large files
configure:13206: result: no
configure:13212: checking for _FILE_OFFSET_BITS value needed for large files
configure:13237: gcc -c -g -O2 -fstack-protector -Wall -W -Wmissing-prototypes -Wstrict-prototypes -pedantic  conftest.c >&5
conftest.c:53:6: warning: a function declaration without a prototype is deprecated in all versions of C [-Wstrict-prototypes]
   53 | main ()
      |      ^
      |       void
1 warning generated.
configure:13237: $? = 0
configure:13269: result: no
configure:13354: checking for _LARGEFILE_SOURCE value needed for large files
configure:13373: gcc -o conftest -g -O2 -fstack-protector -Wall -W -Wmissing-prototypes -Wstrict-prototypes -pedantic   conftest.c  >&5
conftest.c:46:6: warning: a function declaration without a prototype is deprecated in all versions of C [-Wstrict-prototypes]
   46 | main ()
      |      ^
      |       void
1 warning generated.
configure:13373: $? = 0
configure:13401: result: no
configure:13429: checking whether libtool should be silenced
configure:13438: result: yes
configure:13546: checking for gcc option to support OpenMP
configure:13561: gcc -o conftest -g -O2 -fstack-protector -Wall -W -Wmissing-prototypes -Wstrict-prototypes -pedantic   conftest.c  >&5
conftest.c:46:2: error: unknown type name 'choke'
   46 |  choke me
      |  ^
conftest.c:48:10: fatal error: 'omp.h' file not found
   48 | #include <omp.h>
      |          ^~~~~~~
2 errors generated.
configure:13561: $? = 1
configure: failed program was:
| /* confdefs.h */
| #define PACKAGE_NAME "SoX"
| #define PACKAGE_TARNAME "sox"
| #define PACKAGE_VERSION "14.4.2"
| #define PACKAGE_STRING "SoX 14.4.2"
| #define PACKAGE_BUGREPORT "sox-devel@lists.sourceforge.net"
| #define PACKAGE_URL ""
| #define PACKAGE "sox"
| #define VERSION "14.4.2"
| #define STDC_HEADERS 1
| #define HAVE_SYS_TYPES_H 1
| #define HAVE_SYS_STAT_H 1
| #define HAVE_STDLIB_H 1
| #define HAVE_STRING_H 1
| #define HAVE_MEMORY_H 1
| #define HAVE_STRINGS_H 1
| #define HAVE_INTTYPES_H 1
| #define HAVE_STDINT_H 1
| #define HAVE_UNISTD_H 1
| #define HAVE_DLFCN_H 1
| #define LT_OBJDIR ".libs/"
| #define ENABLE_SSP_CC 1
| #define STDC_HEADERS 1
| #define HAVE_FCNTL_H 1
| #define HAVE_UNISTD_H 1
| #define HAVE_SYS_STAT_H 1
| #define HAVE_SYS_TIME_H 1
| #define HAVE_SYS_TIMEB_H 1
| #define HAVE_SYS_TYPES_H 1
| #define HAVE_SYS_UTSNAME_H 1
| #define HAVE_TERMIOS_H 1
| #define HAVE_GLOB_H 1
| #define HAVE_FENV_H 1
| #define HAVE_STRCASECMP 1
| #define HAVE_STRDUP 1
| #define HAVE_POPEN 1
| #define HAVE_VSNPRINTF 1
| #define HAVE_GETTIMEOFDAY 1
| #define HAVE_MKSTEMP 1
| #define HAVE_FMEMOPEN 1
| #define HAVE_LRINT 1
| #define HAVE_FSEEKO 1
| /* end confdefs.h.  */
| 
| #ifndef _OPENMP
|  choke me
| #endif
| #include <omp.h>
| int main () { return omp_get_num_threads (); }
| 
configure:13579: gcc -o conftest -g -O2 -fstack-protector -Wall -W -Wmissing-prototypes -Wstrict-prototypes -pedantic -fopenmp   conftest.c  >&5
clang: error: unsupported option '-fopenmp'
clang: error: unsupported option '-fopenmp'
configure:13579: $? = 1
configure: failed program was:
| /* confdefs.h */
| #define PACKAGE_NAME "SoX"
| #define PACKAGE_TARNAME "sox"
| #define PACKAGE_VERSION "14.4.2"
| #define PACKAGE_STRING "SoX 14.4.2"
| #define PACKAGE_BUGREPORT "sox-devel@lists.sourceforge.net"
| #define PACKAGE_URL ""
| #define PACKAGE "sox"
| #define VERSION "14.4.2"
| #define STDC_HEADERS 1
| #define HAVE_SYS_TYPES_H 1
| #define HAVE_SYS_STAT_H 1
| #define HAVE_STDLIB_H 1
| #define HAVE_STRING_H 1
| #define HAVE_MEMORY_H 1
| #define HAVE_STRINGS_H 1
| #define HAVE_INTTYPES_H 1
| #define HAVE_STDINT_H 1
| #define HAVE_UNISTD_H 1
| #define HAVE_DLFCN_H 1
| #define LT_OBJDIR ".libs/"
| #define ENABLE_SSP_CC 1
| #define STDC_HEADERS 1
| #define HAVE_FCNTL_H 1
| #define HAVE_UNISTD_H 1
| #define HAVE_SYS_STAT_H 1
| #define HAVE_SYS_TIME_H 1
| #define HAVE_SYS_TIMEB_H 1
| #define HAVE_SYS_TYPES_H 1
| #define HAVE_SYS_UTSNAME_H 1
| #define HAVE_TERMIOS_H 1
| #define HAVE_GLOB_H 1
| #define HAVE_FENV_H 1
| #define HAVE_STRCASECMP 1
| #define HAVE_STRDUP 1
| #define HAVE_POPEN 1
| #define HAVE_VSNPRINTF 1
| #define HAVE_GETTIMEOFDAY 1
| #define HAVE_MKSTEMP 1
| #define HAVE_FMEMOPEN 1
| #define HAVE_LRINT 1
| #define HAVE_FSEEKO 1
| /* end confdefs.h.  */
| 
| #ifndef _OPENMP
|  choke me
| #endif
| #include <omp.h>
| int main () { return omp_get_num_threads (); }
| 
configure:13579: gcc -o conftest -g -O2 -fstack-protector -Wall -W -Wmissing-prototypes -Wstrict-prototypes -pedantic -xopenmp   conftest.c  >&5
clang: error: language not recognized: 'openmp'
configure:13579: $? = 1
configure: failed program was:
| /* confdefs.h */
| #define PACKAGE_NAME "SoX"
| #define PACKAGE_TARNAME "sox"
| #define PACKAGE_VERSION "14.4.2"
| #define PACKAGE_STRING "SoX 14.4.2"
| #define PACKAGE_BUGREPORT "sox-devel@lists.sourceforge.net"
| #define PACKAGE_URL ""
| #define PACKAGE "sox"
| #define VERSION "14.4.2"
| #define STDC_HEADERS 1
| #define HAVE_SYS_TYPES_H 1
| #define HAVE_SYS_STAT_H 1
| #define HAVE_STDLIB_H 1
| #define HAVE_STRING_H 1
| #define HAVE_MEMORY_H 1
| #define HAVE_STRINGS_H 1
| #define HAVE_INTTYPES_H 1
| #define HAVE_STDINT_H 1
| #define HAVE_UNISTD_H 1
| #define HAVE_DLFCN_H 1
| #define LT_OBJDIR ".libs/"
| #define ENABLE_SSP_CC 1
| #define STDC_HEADERS 1
| #define HAVE_FCNTL_H 1
| #define HAVE_UNISTD_H 1
| #define HAVE_SYS_STAT_H 1
| #define HAVE_SYS_TIME_H 1
| #define HAVE_SYS_TIMEB_H 1
| #define HAVE_SYS_TYPES_H 1
| #define HAVE_SYS_UTSNAME_H 1
| #define HAVE_TERMIOS_H 1
| #define HAVE_GLOB_H 1
| #define HAVE_FENV_H 1
| #define HAVE_STRCASECMP 1
| #define HAVE_STRDUP 1
| #define HAVE_POPEN 1
| #define HAVE_VSNPRINTF 1
| #define HAVE_GETTIMEOFDAY 1
| #define HAVE_MKSTEMP 1
| #define HAVE_FMEMOPEN 1
| #define HAVE_LRINT 1
| #define HAVE_FSEEKO 1
| /* end confdefs.h.  */
| 
| #ifndef _OPENMP
|  choke me
| #endif
| #include <omp.h>
| int main () { return omp_get_num_threads (); }
| 
configure:13579: gcc -o conftest -g -O2 -fstack-protector -Wall -W -Wmissing-prototypes -Wstrict-prototypes -pedantic -openmp   conftest.c  >&5
conftest.c:46:2: error: unknown type name 'choke'
   46 |  choke me
      |  ^
conftest.c:48:10: fatal error: 'omp.h' file not found
   48 | #include <omp.h>
      |          ^~~~~~~
2 errors generated.
configure:13579: $? = 1
configure: failed program was:
| /* confdefs.h */
| #define PACKAGE_NAME "SoX"
| #define PACKAGE_TARNAME "sox"
| #define PACKAGE_VERSION "14.4.2"
| #define PACKAGE_STRING "SoX 14.4.2"
| #define PACKAGE_BUGREPORT "sox-devel@lists.sourceforge.net"
| #define PACKAGE_URL ""
| #define PACKAGE "sox"
| #define VERSION "14.4.2"
| #define STDC_HEADERS 1
| #define HAVE_SYS_TYPES_H 1
| #define HAVE_SYS_STAT_H 1
| #define HAVE_STDLIB_H 1
| #define HAVE_STRING_H 1
| #define HAVE_MEMORY_H 1
| #define HAVE_STRINGS_H 1
| #define HAVE_INTTYPES_H 1
| #define HAVE_STDINT_H 1
| #define HAVE_UNISTD_H 1
| #define HAVE_DLFCN_H 1
| #define LT_OBJDIR ".libs/"
| #define ENABLE_SSP_CC 1
| #define STDC_HEADERS 1
| #define HAVE_FCNTL_H 1
| #define HAVE_UNISTD_H 1
| #define HAVE_SYS_STAT_H 1
| #define HAVE_SYS_TIME_H 1
| #define HAVE_SYS_TIMEB_H 1
| #define HAVE_SYS_TYPES_H 1
| #define HAVE_SYS_UTSNAME_H 1
| #define HAVE_TERMIOS_H 1
| #define HAVE_GLOB_H 1
| #define HAVE_FENV_H 1
| #define HAVE_STRCASECMP 1
| #define HAVE_STRDUP 1
| #define HAVE_POPEN 1
| #define HAVE_VSNPRINTF 1
| #define HAVE_GETTIMEOFDAY 1
| #define HAVE_MKSTEMP 1
| #define HAVE_FMEMOPEN 1
| #define HAVE_LRINT 1
| #define HAVE_FSEEKO 1
| /* end confdefs.h.  */
| 
| #ifndef _OPENMP
|  choke me
| #endif
| #include <omp.h>
| int main () { return omp_get_num_threads (); }
| 
configure:13579: gcc -o conftest -g -O2 -fstack-protector -Wall -W -Wmissing-prototypes -Wstrict-prototypes -pedantic -mp   conftest.c  >&5
clang: error: unknown argument: '-mp'
configure:13579: $? = 1
configure: failed program was:
| /* confdefs.h */
| #define PACKAGE_NAME "SoX"
| #define PACKAGE_TARNAME "sox"
| #define PACKAGE_VERSION "14.4.2"
| #define PACKAGE_STRING "SoX 14.4.2"
| #define PACKAGE_BUGREPORT "sox-devel@lists.sourceforge.net"
| #define PACKAGE_URL ""
| #define PACKAGE "sox"
| #define VERSION "14.4.2"
| #define STDC_HEADERS 1
| #define HAVE_SYS_TYPES_H 1
| #define HAVE_SYS_STAT_H 1
| #define HAVE_STDLIB_H 1
| #define HAVE_STRING_H 1
| #define HAVE_MEMORY_H 1
| #define HAVE_STRINGS_H 1
| #define HAVE_INTTYPES_H 1
| #define HAVE_STDINT_H 1
| #define HAVE_UNISTD_H 1
| #define HAVE_DLFCN_H 1
| #define LT_OBJDIR ".libs/"
| #define ENABLE_SSP_CC 1
| #define STDC_HEADERS 1
| #define HAVE_FCNTL_H 1
| #define HAVE_UNISTD_H 1
| #define HAVE_SYS_STAT_H 1
| #define HAVE_SYS_TIME_H 1
| #define HAVE_SYS_TIMEB_H 1
| #define HAVE_SYS_TYPES_H 1
| #define HAVE_SYS_UTSNAME_H 1
| #define HAVE_TERMIOS_H 1
| #define HAVE_GLOB_H 1
| #define HAVE_FENV_H 1
| #define HAVE_STRCASECMP 1
| #define HAVE_STRDUP 1
| #define HAVE_POPEN 1
| #define HAVE_VSNPRINTF 1
| #define HAVE_GETTIMEOFDAY 1
| #define HAVE_MKSTEMP 1
| #define HAVE_FMEMOPEN 1
| #define HAVE_LRINT 1
| #define HAVE_FSEEKO 1
| /* end confdefs.h.  */
| 
| #ifndef _OPENMP
|  choke me
| #endif
| #include <omp.h>
| int main () { return omp_get_num_threads (); }
| 
configure:13579: gcc -o conftest -g -O2 -fstack-protector -Wall -W -Wmissing-prototypes -Wstrict-prototypes -pedantic -omp   conftest.c  >&5
conftest.c:46:2: error: unknown type name 'choke'
   46 |  choke me
      |  ^
conftest.c:48:10: fatal error: 'omp.h' file not found
   48 | #include <omp.h>
      |          ^~~~~~~
2 errors generated.
configure:13579: $? = 1
configure: failed program was:
| /* confdefs.h */
| #define PACKAGE_NAME "SoX"
| #define PACKAGE_TARNAME "sox"
| #define PACKAGE_VERSION "14.4.2"
| #define PACKAGE_STRING "SoX 14.4.2"
| #define PACKAGE_BUGREPORT "sox-devel@lists.sourceforge.net"
| #define PACKAGE_URL ""
| #define PACKAGE "sox"
| #define VERSION "14.4.2"
| #define STDC_HEADERS 1
| #define HAVE_SYS_TYPES_H 1
| #define HAVE_SYS_STAT_H 1
| #define HAVE_STDLIB_H 1
| #define HAVE_STRING_H 1
| #define HAVE_MEMORY_H 1
| #define HAVE_STRINGS_H 1
| #define HAVE_INTTYPES_H 1
| #define HAVE_STDINT_H 1
| #define HAVE_UNISTD_H 1
| #define HAVE_DLFCN_H 1
| #define LT_OBJDIR ".libs/"
| #define ENABLE_SSP_CC 1
| #define STDC_HEADERS 1
| #define HAVE_FCNTL_H 1
| #define HAVE_UNISTD_H 1
| #define HAVE_SYS_STAT_H 1
| #define HAVE_SYS_TIME_H 1
| #define HAVE_SYS_TIMEB_H 1
| #define HAVE_SYS_TYPES_H 1
| #define HAVE_SYS_UTSNAME_H 1
| #define HAVE_TERMIOS_H 1
| #define HAVE_GLOB_H 1
| #define HAVE_FENV_H 1
| #define HAVE_STRCASECMP 1
| #define HAVE_STRDUP 1
| #define HAVE_POPEN 1
| #define HAVE_VSNPRINTF 1
| #define HAVE_GETTIMEOFDAY 1
| #define HAVE_MKSTEMP 1
| #define HAVE_FMEMOPEN 1
| #define HAVE_LRINT 1
| #define HAVE_FSEEKO 1
| /* end confdefs.h.  */
| 
| #ifndef _OPENMP
|  choke me
| #endif
| #include <omp.h>
| int main () { return omp_get_num_threads (); }
| 
configure:13579: gcc -o conftest -g -O2 -fstack-protector -Wall -W -Wmissing-prototypes -Wstrict-prototypes -pedantic -qsmp=omp   conftest.c  >&5
clang: error: unknown argument: '-qsmp=omp'
configure:13579: $? = 1
configure: failed program was:
| /* confdefs.h */
| #define PACKAGE_NAME "SoX"
| #define PACKAGE_TARNAME "sox"
| #define PACKAGE_VERSION "14.4.2"
| #define PACKAGE_STRING "SoX 14.4.2"
| #define PACKAGE_BUGREPORT "sox-devel@lists.sourceforge.net"
| #define PACKAGE_URL ""
| #define PACKAGE "sox"
| #define VERSION "14.4.2"
| #define STDC_HEADERS 1
| #define HAVE_SYS_TYPES_H 1
| #define HAVE_SYS_STAT_H 1
| #define HAVE_STDLIB_H 1
| #define HAVE_STRING_H 1
| #define HAVE_MEMORY_H 1
| #define HAVE_STRINGS_H 1
| #define HAVE_INTTYPES_H 1
| #define HAVE_STDINT_H 1
| #define HAVE_UNISTD_H 1
| #define HAVE_DLFCN_H 1
| #define LT_OBJDIR ".libs/"
| #define ENABLE_SSP_CC 1
| #define STDC_HEADERS 1
| #define HAVE_FCNTL_H 1
| #define HAVE_UNISTD_H 1
| #define HAVE_SYS_STAT_H 1
| #define HAVE_SYS_TIME_H 1
| #define HAVE_SYS_TIMEB_H 1
| #define HAVE_SYS_TYPES_H 1
| #define HAVE_SYS_UTSNAME_H 1
| #define HAVE_TERMIOS_H 1
| #define HAVE_GLOB_H 1
| #define HAVE_FENV_H 1
| #define HAVE_STRCASECMP 1
| #define HAVE_STRDUP 1
| #define HAVE_POPEN 1
| #define HAVE_VSNPRINTF 1
| #define HAVE_GETTIMEOFDAY 1
| #define HAVE_MKSTEMP 1
| #define HAVE_FMEMOPEN 1
| #define HAVE_LRINT 1
| #define HAVE_FSEEKO 1
| /* end confdefs.h.  */
| 
| #ifndef _OPENMP
|  choke me
| #endif
| #include <omp.h>
| int main () { return omp_get_num_threads (); }
| 
configure:13579: gcc -o conftest -g -O2 -fstack-protector -Wall -W -Wmissing-prototypes -Wstrict-prototypes -pedantic -homp   conftest.c  >&5
clang: error: unknown argument: '-homp'
configure:13579: $? = 1
configure: failed program was:
| /* confdefs.h */
| #define PACKAGE_NAME "SoX"
| #define PACKAGE_TARNAME "sox"
| #define PACKAGE_VERSION "14.4.2"
| #define PACKAGE_STRING "SoX 14.4.2"
| #define PACKAGE_BUGREPORT "sox-devel@lists.sourceforge.net"
| #define PACKAGE_URL ""
| #define PACKAGE "sox"
| #define VERSION "14.4.2"
| #define STDC_HEADERS 1
| #define HAVE_SYS_TYPES_H 1
| #define HAVE_SYS_STAT_H 1
| #define HAVE_STDLIB_H 1
| #define HAVE_STRING_H 1
| #define HAVE_MEMORY_H 1
| #define HAVE_STRINGS_H 1
| #define HAVE_INTTYPES_H 1
| #define HAVE_STDINT_H 1
| #define HAVE_UNISTD_H 1
| #define HAVE_DLFCN_H 1
| #define LT_OBJDIR ".libs/"
| #define ENABLE_SSP_CC 1
| #define STDC_HEADERS 1
| #define HAVE_FCNTL_H 1
| #define HAVE_UNISTD_H 1
| #define HAVE_SYS_STAT_H 1
| #define HAVE_SYS_TIME_H 1
| #define HAVE_SYS_TIMEB_H 1
| #define HAVE_SYS_TYPES_H 1
| #define HAVE_SYS_UTSNAME_H 1
| #define HAVE_TERMIOS_H 1
| #define HAVE_GLOB_H 1
| #define HAVE_FENV_H 1
| #define HAVE_STRCASECMP 1
| #define HAVE_STRDUP 1
| #define HAVE_POPEN 1
| #define HAVE_VSNPRINTF 1
| #define HAVE_GETTIMEOFDAY 1
| #define HAVE_MKSTEMP 1
| #define HAVE_FMEMOPEN 1
| #define HAVE_LRINT 1
| #define HAVE_FSEEKO 1
| /* end confdefs.h.  */
| 
| #ifndef _OPENMP
|  choke me
| #endif
| #include <omp.h>
| int main () { return omp_get_num_threads (); }
| 
configure:13579: gcc -o conftest -g -O2 -fstack-protector -Wall -W -Wmissing-prototypes -Wstrict-prototypes -pedantic -Popenmp   conftest.c  >&5
clang: error: unknown argument '-Popenmp'; did you mean '-fopenmp'?
configure:13579: $? = 1
configure: failed program was:
| /* confdefs.h */
| #define PACKAGE_NAME "SoX"
| #define PACKAGE_TARNAME "sox"
| #define PACKAGE_VERSION "14.4.2"
| #define PACKAGE_STRING "SoX 14.4.2"
| #define PACKAGE_BUGREPORT "sox-devel@lists.sourceforge.net"
| #define PACKAGE_URL ""
| #define PACKAGE "sox"
| #define VERSION "14.4.2"
| #define STDC_HEADERS 1
| #define HAVE_SYS_TYPES_H 1
| #define HAVE_SYS_STAT_H 1
| #define HAVE_STDLIB_H 1
| #define HAVE_STRING_H 1
| #define HAVE_MEMORY_H 1
| #define HAVE_STRINGS_H 1
| #define HAVE_INTTYPES_H 1
| #define HAVE_STDINT_H 1
| #define HAVE_UNISTD_H 1
| #define HAVE_DLFCN_H 1
| #define LT_OBJDIR ".libs/"
| #define ENABLE_SSP_CC 1
| #define STDC_HEADERS 1
| #define HAVE_FCNTL_H 1
| #define HAVE_UNISTD_H 1
| #define HAVE_SYS_STAT_H 1
| #define HAVE_SYS_TIME_H 1
| #define HAVE_SYS_TIMEB_H 1
| #define HAVE_SYS_TYPES_H 1
| #define HAVE_SYS_UTSNAME_H 1
| #define HAVE_TERMIOS_H 1
| #define HAVE_GLOB_H 1
| #define HAVE_FENV_H 1
| #define HAVE_STRCASECMP 1
| #define HAVE_STRDUP 1
| #define HAVE_POPEN 1
| #define HAVE_VSNPRINTF 1
| #define HAVE_GETTIMEOFDAY 1
| #define HAVE_MKSTEMP 1
| #define HAVE_FMEMOPEN 1
| #define HAVE_LRINT 1
| #define HAVE_FSEEKO 1
| /* end confdefs.h.  */
| 
| #ifndef _OPENMP
|  choke me
| #endif
| #include <omp.h>
| int main () { return omp_get_num_threads (); }
| 
configure:13579: gcc -o conftest -g -O2 -fstack-protector -Wall -W -Wmissing-prototypes -Wstrict-prototypes -pedantic --openmp   conftest.c  >&5
clang: error: unsupported option '--openmp'; did you mean '-fopenmp'?
configure:13579: $? = 1
configure: failed program was:
| /* confdefs.h */
| #define PACKAGE_NAME "SoX"
| #define PACKAGE_TARNAME "sox"
| #define PACKAGE_VERSION "14.4.2"
| #define PACKAGE_STRING "SoX 14.4.2"
| #define PACKAGE_BUGREPORT "sox-devel@lists.sourceforge.net"
| #define PACKAGE_URL ""
| #define PACKAGE "sox"
| #define VERSION "14.4.2"
| #define STDC_HEADERS 1
| #define HAVE_SYS_TYPES_H 1
| #define HAVE_SYS_STAT_H 1
| #define HAVE_STDLIB_H 1
| #define HAVE_STRING_H 1
| #define HAVE_MEMORY_H 1
| #define HAVE_STRINGS_H 1
| #define HAVE_INTTYPES_H 1
| #define HAVE_STDINT_H 1
| #define HAVE_UNISTD_H 1
| #define HAVE_DLFCN_H 1
| #define LT_OBJDIR ".libs/"
| #define ENABLE_SSP_CC 1
| #define STDC_HEADERS 1
| #define HAVE_FCNTL_H 1
| #define HAVE_UNISTD_H 1
| #define HAVE_SYS_STAT_H 1
| #define HAVE_SYS_TIME_H 1
| #define HAVE_SYS_TIMEB_H 1
| #define HAVE_SYS_TYPES_H 1
| #define HAVE_SYS_UTSNAME_H 1
| #define HAVE_TERMIOS_H 1
| #define HAVE_GLOB_H 1
| #define HAVE_FENV_H 1
| #define HAVE_STRCASECMP 1
| #define HAVE_STRDUP 1
| #define HAVE_POPEN 1
| #define HAVE_VSNPRINTF 1
| #define HAVE_GETTIMEOFDAY 1
| #define HAVE_MKSTEMP 1
| #define HAVE_FMEMOPEN 1
| #define HAVE_LRINT 1
| #define HAVE_FSEEKO 1
| /* end confdefs.h.  */
| 
| #ifndef _OPENMP
|  choke me
| #endif
| #include <omp.h>
| int main () { return omp_get_num_threads (); }
| 
configure:13593: result: unsupported
configure:13643: checking magic.h usability
configure:13643: gcc -c -g -O2 -fstack-protector -Wall -W -Wmissing-prototypes -Wstrict-prototypes -pedantic   conftest.c >&5
conftest.c:77:10: fatal error: 'magic.h' file not found
   77 | #include <magic.h>
      |          ^~~~~~~~~
1 error generated.
configure:13643: $? = 1
configure: failed program was:
| /* confdefs.h */
| #define PACKAGE_NAME "SoX"
| #define PACKAGE_TARNAME "sox"
| #define PACKAGE_VERSION "14.4.2"
| #define PACKAGE_STRING "SoX 14.4.2"
| #define PACKAGE_BUGREPORT "sox-devel@lists.sourceforge.net"
| #define PACKAGE_URL ""
| #define PACKAGE "sox"
| #define VERSION "14.4.2"
| #define STDC_HEADERS 1
| #define HAVE_SYS_TYPES_H 1
| #define HAVE_SYS_STAT_H 1
| #define HAVE_STDLIB_H 1
| #define HAVE_STRING_H 1
| #define HAVE_MEMORY_H 1
| #define HAVE_STRINGS_H 1
| #define HAVE_INTTYPES_H 1
| #define HAVE_STDINT_H 1
| #define HAVE_UNISTD_H 1
| #define HAVE_DLFCN_H 1
| #define LT_OBJDIR ".libs/"
| #define ENABLE_SSP_CC 1
| #define STDC_HEADERS 1
| #define HAVE_FCNTL_H 1
| #define HAVE_UNISTD_H 1
| #define HAVE_SYS_STAT_H 1
| #define HAVE_SYS_TIME_H 1
| #define HAVE_SYS_TIMEB_H 1
| #define HAVE_SYS_TYPES_H 1
| #define HAVE_SYS_UTSNAME_H 1
| #define HAVE_TERMIOS_H 1
| #define HAVE_GLOB_H 1
| #define HAVE_FENV_H 1
| #define HAVE_STRCASECMP 1
| #define HAVE_STRDUP 1
| #define HAVE_POPEN 1
| #define HAVE_VSNPRINTF 1
| #define HAVE_GETTIMEOFDAY 1
| #define HAVE_MKSTEMP 1
| #define HAVE_FMEMOPEN 1
| #define HAVE_LRINT 1
| #define HAVE_FSEEKO 1
| /* end confdefs.h.  */
| #include <stdio.h>
| #ifdef HAVE_SYS_TYPES_H
| # include <sys/types.h>
| #endif
| #ifdef HAVE_SYS_STAT_H
| # include <sys/stat.h>
| #endif
| #ifdef STDC_HEADERS
| # include <stdlib.h>
| # include <stddef.h>
| #else
| # ifdef HAVE_STDLIB_H
| #  include <stdlib.h>
| # endif
| #endif
| #ifdef HAVE_STRING_H
| # if !defined STDC_HEADERS && defined HAVE_MEMORY_H
| #  include <memory.h>
| # endif
| # include <string.h>
| #endif
| #ifdef HAVE_STRINGS_H
| # include <strings.h>
| #endif
| #ifdef HAVE_INTTYPES_H
| # include <inttypes.h>
| #endif
| #ifdef HAVE_STDINT_H
| # include <stdint.h>
| #endif
| #ifdef HAVE_UNISTD_H
| # include <unistd.h>
| #endif
| #include <magic.h>
configure:13643: result: no
configure:13643: checking magic.h presence
configure:13643: gcc -E  conftest.c
conftest.c:44:10: fatal error: 'magic.h' file not found
   44 | #include <magic.h>
      |          ^~~~~~~~~
1 error generated.
configure:13643: $? = 1
configure: failed program was:
| /* confdefs.h */
| #define PACKAGE_NAME "SoX"
| #define PACKAGE_TARNAME "sox"
| #define PACKAGE_VERSION "14.4.2"
| #define PACKAGE_STRING "SoX 14.4.2"
| #define PACKAGE_BUGREPORT "sox-devel@lists.sourceforge.net"
| #define PACKAGE_URL ""
| #define PACKAGE "sox"
| #define VERSION "14.4.2"
| #define STDC_HEADERS 1
| #define HAVE_SYS_TYPES_H 1
| #define HAVE_SYS_STAT_H 1
| #define HAVE_STDLIB_H 1
| #define HAVE_STRING_H 1
| #define HAVE_MEMORY_H 1
| #define HAVE_STRINGS_H 1
| #define HAVE_INTTYPES_H 1
| #define HAVE_STDINT_H 1
| #define HAVE_UNISTD_H 1
| #define HAVE_DLFCN_H 1
| #define LT_OBJDIR ".libs/"
| #define ENABLE_SSP_CC 1
| #define STDC_HEADERS 1
| #define HAVE_FCNTL_H 1
| #define HAVE_UNISTD_H 1
| #define HAVE_SYS_STAT_H 1
| #define HAVE_SYS_TIME_H 1
| #define HAVE_SYS_TIMEB_H 1
| #define HAVE_SYS_TYPES_H 1
| #define HAVE_SYS_UTSNAME_H 1
| #define HAVE_TERMIOS_H 1
| #define HAVE_GLOB_H 1
| #define HAVE_FENV_H 1
| #define HAVE_STRCASECMP 1
| #define HAVE_STRDUP 1
| #define HAVE_POPEN 1
| #define HAVE_VSNPRINTF 1
| #define HAVE_GETTIMEOFDAY 1
| #define HAVE_MKSTEMP 1
| #define HAVE_FMEMOPEN 1
| #define HAVE_LRINT 1
| #define HAVE_FSEEKO 1
| /* end confdefs.h.  */
| #include <magic.h>
configure:13643: result: no
configure:13643: checking for magic.h
configure:13643: result: no
configure:13727: checking png.h usability
configure:13727: gcc -c -g -O2 -fstack-protector -Wall -W -Wmissing-prototypes -Wstrict-prototypes -pedantic   conftest.c >&5
conftest.c:77:10: fatal error: 'png.h' file not found
   77 | #include <png.h>
      |          ^~~~~~~
1 error generated.
configure:13727: $? = 1
configure: failed program was:
| /* confdefs.h */
| #define PACKAGE_NAME "SoX"
| #define PACKAGE_TARNAME "sox"
| #define PACKAGE_VERSION "14.4.2"
| #define PACKAGE_STRING "SoX 14.4.2"
| #define PACKAGE_BUGREPORT "sox-devel@lists.sourceforge.net"
| #define PACKAGE_URL ""
| #define PACKAGE "sox"
| #define VERSION "14.4.2"
| #define STDC_HEADERS 1
| #define HAVE_SYS_TYPES_H 1
| #define HAVE_SYS_STAT_H 1
| #define HAVE_STDLIB_H 1
| #define HAVE_STRING_H 1
| #define HAVE_MEMORY_H 1
| #define HAVE_STRINGS_H 1
| #define HAVE_INTTYPES_H 1
| #define HAVE_STDINT_H 1
| #define HAVE_UNISTD_H 1
| #define HAVE_DLFCN_H 1
| #define LT_OBJDIR ".libs/"
| #define ENABLE_SSP_CC 1
| #define STDC_HEADERS 1
| #define HAVE_FCNTL_H 1
| #define HAVE_UNISTD_H 1
| #define HAVE_SYS_STAT_H 1
| #define HAVE_SYS_TIME_H 1
| #define HAVE_SYS_TIMEB_H 1
| #define HAVE_SYS_TYPES_H 1
| #define HAVE_SYS_UTSNAME_H 1
| #define HAVE_TERMIOS_H 1
| #define HAVE_GLOB_H 1
| #define HAVE_FENV_H 1
| #define HAVE_STRCASECMP 1
| #define HAVE_STRDUP 1
| #define HAVE_POPEN 1
| #define HAVE_VSNPRINTF 1
| #define HAVE_GETTIMEOFDAY 1
| #define HAVE_MKSTEMP 1
| #define HAVE_FMEMOPEN 1
| #define HAVE_LRINT 1
| #define HAVE_FSEEKO 1
| /* end confdefs.h.  */
| #include <stdio.h>
| #ifdef HAVE_SYS_TYPES_H
| # include <sys/types.h>
| #endif
| #ifdef HAVE_SYS_STAT_H
| # include <sys/stat.h>
| #endif
| #ifdef STDC_HEADERS
| # include <stdlib.h>
| # include <stddef.h>
| #else
| # ifdef HAVE_STDLIB_H
| #  include <stdlib.h>
| # endif
| #endif
| #ifdef HAVE_STRING_H
| # if !defined STDC_HEADERS && defined HAVE_MEMORY_H
| #  include <memory.h>
| # endif
| # include <string.h>
| #endif
| #ifdef HAVE_STRINGS_H
| # include <strings.h>
| #endif
| #ifdef HAVE_INTTYPES_H
| # include <inttypes.h>
| #endif
| #ifdef HAVE_STDINT_H
| # include <stdint.h>
| #endif
| #ifdef HAVE_UNISTD_H
| # include <unistd.h>
| #endif
| #include <png.h>
configure:13727: result: no
configure:13727: checking png.h presence
configure:13727: gcc -E  conftest.c
conftest.c:44:10: fatal error: 'png.h' file not found
   44 | #include <png.h>
      |          ^~~~~~~
1 error generated.
configure:13727: $? = 1
configure: failed program was:
| /* confdefs.h */
| #define PACKAGE_NAME "SoX"
| #define PACKAGE_TARNAME "sox"
| #define PACKAGE_VERSION "14.4.2"
| #define PACKAGE_STRING "SoX 14.4.2"
| #define PACKAGE_BUGREPORT "sox-devel@lists.sourceforge.net"
| #define PACKAGE_URL ""
| #define PACKAGE "sox"
| #define VERSION "14.4.2"
| #define STDC_HEADERS 1
| #define HAVE_SYS_TYPES_H 1
| #define HAVE_SYS_STAT_H 1
| #define HAVE_STDLIB_H 1
| #define HAVE_STRING_H 1
| #define HAVE_MEMORY_H 1
| #define HAVE_STRINGS_H 1
| #define HAVE_INTTYPES_H 1
| #define HAVE_STDINT_H 1
| #define HAVE_UNISTD_H 1
| #define HAVE_DLFCN_H 1
| #define LT_OBJDIR ".libs/"
| #define ENABLE_SSP_CC 1
| #define STDC_HEADERS 1
| #define HAVE_FCNTL_H 1
| #define HAVE_UNISTD_H 1
| #define HAVE_SYS_STAT_H 1
| #define HAVE_SYS_TIME_H 1
| #define HAVE_SYS_TIMEB_H 1
| #define HAVE_SYS_TYPES_H 1
| #define HAVE_SYS_UTSNAME_H 1
| #define HAVE_TERMIOS_H 1
| #define HAVE_GLOB_H 1
| #define HAVE_FENV_H 1
| #define HAVE_STRCASECMP 1
| #define HAVE_STRDUP 1
| #define HAVE_POPEN 1
| #define HAVE_VSNPRINTF 1
| #define HAVE_GETTIMEOFDAY 1
| #define HAVE_MKSTEMP 1
| #define HAVE_FMEMOPEN 1
| #define HAVE_LRINT 1
| #define HAVE_FSEEKO 1
| /* end confdefs.h.  */
| #include <png.h>
configure:13727: result: no
configure:13727: checking for png.h
configure:13727: result: no
configure:13727: checking libpng/png.h usability
configure:13727: gcc -c -g -O2 -fstack-protector -Wall -W -Wmissing-prototypes -Wstrict-prototypes -pedantic   conftest.c >&5
conftest.c:77:10: fatal error: 'libpng/png.h' file not found
   77 | #include <libpng/png.h>
      |          ^~~~~~~~~~~~~~
1 error generated.
configure:13727: $? = 1
configure: failed program was:
| /* confdefs.h */
| #define PACKAGE_NAME "SoX"
| #define PACKAGE_TARNAME "sox"
| #define PACKAGE_VERSION "14.4.2"
| #define PACKAGE_STRING "SoX 14.4.2"
| #define PACKAGE_BUGREPORT "sox-devel@lists.sourceforge.net"
| #define PACKAGE_URL ""
| #define PACKAGE "sox"
| #define VERSION "14.4.2"
| #define STDC_HEADERS 1
| #define HAVE_SYS_TYPES_H 1
| #define HAVE_SYS_STAT_H 1
| #define HAVE_STDLIB_H 1
| #define HAVE_STRING_H 1
| #define HAVE_MEMORY_H 1
| #define HAVE_STRINGS_H 1
| #define HAVE_INTTYPES_H 1
| #define HAVE_STDINT_H 1
| #define HAVE_UNISTD_H 1
| #define HAVE_DLFCN_H 1
| #define LT_OBJDIR ".libs/"
| #define ENABLE_SSP_CC 1
| #define STDC_HEADERS 1
| #define HAVE_FCNTL_H 1
| #define HAVE_UNISTD_H 1
| #define HAVE_SYS_STAT_H 1
| #define HAVE_SYS_TIME_H 1
| #define HAVE_SYS_TIMEB_H 1
| #define HAVE_SYS_TYPES_H 1
| #define HAVE_SYS_UTSNAME_H 1
| #define HAVE_TERMIOS_H 1
| #define HAVE_GLOB_H 1
| #define HAVE_FENV_H 1
| #define HAVE_STRCASECMP 1
| #define HAVE_STRDUP 1
| #define HAVE_POPEN 1
| #define HAVE_VSNPRINTF 1
| #define HAVE_GETTIMEOFDAY 1
| #define HAVE_MKSTEMP 1
| #define HAVE_FMEMOPEN 1
| #define HAVE_LRINT 1
| #define HAVE_FSEEKO 1
| /* end confdefs.h.  */
| #include <stdio.h>
| #ifdef HAVE_SYS_TYPES_H
| # include <sys/types.h>
| #endif
| #ifdef HAVE_SYS_STAT_H
| # include <sys/stat.h>
| #endif
| #ifdef STDC_HEADERS
| # include <stdlib.h>
| # include <stddef.h>
| #else
| # ifdef HAVE_STDLIB_H
| #  include <stdlib.h>
| # endif
| #endif
| #ifdef HAVE_STRING_H
| # if !defined STDC_HEADERS && defined HAVE_MEMORY_H
| #  include <memory.h>
| # endif
| # include <string.h>
| #endif
| #ifdef HAVE_STRINGS_H
| # include <strings.h>
| #endif
| #ifdef HAVE_INTTYPES_H
| # include <inttypes.h>
| #endif
| #ifdef HAVE_STDINT_H
| # include <stdint.h>
| #endif
| #ifdef HAVE_UNISTD_H
| # include <unistd.h>
| #endif
| #include <libpng/png.h>
configure:13727: result: no
configure:13727: checking libpng/png.h presence
configure:13727: gcc -E  conftest.c
conftest.c:44:10: fatal error: 'libpng/png.h' file not found
   44 | #include <libpng/png.h>
      |          ^~~~~~~~~~~~~~
1 error generated.
configure:13727: $? = 1
configure: failed program was:
| /* confdefs.h */
| #define PACKAGE_NAME "SoX"
| #define PACKAGE_TARNAME "sox"
| #define PACKAGE_VERSION "14.4.2"
| #define PACKAGE_STRING "SoX 14.4.2"
| #define PACKAGE_BUGREPORT "sox-devel@lists.sourceforge.net"
| #define PACKAGE_URL ""
| #define PACKAGE "sox"
| #define VERSION "14.4.2"
| #define STDC_HEADERS 1
| #define HAVE_SYS_TYPES_H 1
| #define HAVE_SYS_STAT_H 1
| #define HAVE_STDLIB_H 1
| #define HAVE_STRING_H 1
| #define HAVE_MEMORY_H 1
| #define HAVE_STRINGS_H 1
| #define HAVE_INTTYPES_H 1
| #define HAVE_STDINT_H 1
| #define HAVE_UNISTD_H 1
| #define HAVE_DLFCN_H 1
| #define LT_OBJDIR ".libs/"
| #define ENABLE_SSP_CC 1
| #define STDC_HEADERS 1
| #define HAVE_FCNTL_H 1
| #define HAVE_UNISTD_H 1
| #define HAVE_SYS_STAT_H 1
| #define HAVE_SYS_TIME_H 1
| #define HAVE_SYS_TIMEB_H 1
| #define HAVE_SYS_TYPES_H 1
| #define HAVE_SYS_UTSNAME_H 1
| #define HAVE_TERMIOS_H 1
| #define HAVE_GLOB_H 1
| #define HAVE_FENV_H 1
| #define HAVE_STRCASECMP 1
| #define HAVE_STRDUP 1
| #define HAVE_POPEN 1
| #define HAVE_VSNPRINTF 1
| #define HAVE_GETTIMEOFDAY 1
| #define HAVE_MKSTEMP 1
| #define HAVE_FMEMOPEN 1
| #define HAVE_LRINT 1
| #define HAVE_FSEEKO 1
| /* end confdefs.h.  */
| #include <libpng/png.h>
configure:13727: result: no
configure:13727: checking for libpng/png.h
configure:13727: result: no
configure:13972: checking id3tag.h usability
configure:13972: gcc -c -g -O2 -fstack-protector -Wall -W -Wmissing-prototypes -Wstrict-prototypes -pedantic   conftest.c >&5
conftest.c:77:10: fatal error: 'id3tag.h' file not found
   77 | #include <id3tag.h>
      |          ^~~~~~~~~~
1 error generated.
configure:13972: $? = 1
configure: failed program was:
| /* confdefs.h */
| #define PACKAGE_NAME "SoX"
| #define PACKAGE_TARNAME "sox"
| #define PACKAGE_VERSION "14.4.2"
| #define PACKAGE_STRING "SoX 14.4.2"
| #define PACKAGE_BUGREPORT "sox-devel@lists.sourceforge.net"
| #define PACKAGE_URL ""
| #define PACKAGE "sox"
| #define VERSION "14.4.2"
| #define STDC_HEADERS 1
| #define HAVE_SYS_TYPES_H 1
| #define HAVE_SYS_STAT_H 1
| #define HAVE_STDLIB_H 1
| #define HAVE_STRING_H 1
| #define HAVE_MEMORY_H 1
| #define HAVE_STRINGS_H 1
| #define HAVE_INTTYPES_H 1
| #define HAVE_STDINT_H 1
| #define HAVE_UNISTD_H 1
| #define HAVE_DLFCN_H 1
| #define LT_OBJDIR ".libs/"
| #define ENABLE_SSP_CC 1
| #define STDC_HEADERS 1
| #define HAVE_FCNTL_H 1
| #define HAVE_UNISTD_H 1
| #define HAVE_SYS_STAT_H 1
| #define HAVE_SYS_TIME_H 1
| #define HAVE_SYS_TIMEB_H 1
| #define HAVE_SYS_TYPES_H 1
| #define HAVE_SYS_UTSNAME_H 1
| #define HAVE_TERMIOS_H 1
| #define HAVE_GLOB_H 1
| #define HAVE_FENV_H 1
| #define HAVE_STRCASECMP 1
| #define HAVE_STRDUP 1
| #define HAVE_POPEN 1
| #define HAVE_VSNPRINTF 1
| #define HAVE_GETTIMEOFDAY 1
| #define HAVE_MKSTEMP 1
| #define HAVE_FMEMOPEN 1
| #define HAVE_LRINT 1
| #define HAVE_FSEEKO 1
| /* end confdefs.h.  */
| #include <stdio.h>
| #ifdef HAVE_SYS_TYPES_H
| # include <sys/types.h>
| #endif
| #ifdef HAVE_SYS_STAT_H
| # include <sys/stat.h>
| #endif
| #ifdef STDC_HEADERS
| # include <stdlib.h>
| # include <stddef.h>
| #else
| # ifdef HAVE_STDLIB_H
| #  include <stdlib.h>
| # endif
| #endif
| #ifdef HAVE_STRING_H
| # if !defined STDC_HEADERS && defined HAVE_MEMORY_H
| #  include <memory.h>
| # endif
| # include <string.h>
| #endif
| #ifdef HAVE_STRINGS_H
| # include <strings.h>
| #endif
| #ifdef HAVE_INTTYPES_H
| # include <inttypes.h>
| #endif
| #ifdef HAVE_STDINT_H
| # include <stdint.h>
| #endif
| #ifdef HAVE_UNISTD_H
| # include <unistd.h>
| #endif
| #include <id3tag.h>
configure:13972: result: no
configure:13972: checking id3tag.h presence
configure:13972: gcc -E  conftest.c
conftest.c:44:10: fatal error: 'id3tag.h' file not found
   44 | #include <id3tag.h>
      |          ^~~~~~~~~~
1 error generated.
configure:13972: $? = 1
configure: failed program was:
| /* confdefs.h */
| #define PACKAGE_NAME "SoX"
| #define PACKAGE_TARNAME "sox"
| #define PACKAGE_VERSION "14.4.2"
| #define PACKAGE_STRING "SoX 14.4.2"
| #define PACKAGE_BUGREPORT "sox-devel@lists.sourceforge.net"
| #define PACKAGE_URL ""
| #define PACKAGE "sox"
| #define VERSION "14.4.2"
| #define STDC_HEADERS 1
| #define HAVE_SYS_TYPES_H 1
| #define HAVE_SYS_STAT_H 1
| #define HAVE_STDLIB_H 1
| #define HAVE_STRING_H 1
| #define HAVE_MEMORY_H 1
| #define HAVE_STRINGS_H 1
| #define HAVE_INTTYPES_H 1
| #define HAVE_STDINT_H 1
| #define HAVE_UNISTD_H 1
| #define HAVE_DLFCN_H 1
| #define LT_OBJDIR ".libs/"
| #define ENABLE_SSP_CC 1
| #define STDC_HEADERS 1
| #define HAVE_FCNTL_H 1
| #define HAVE_UNISTD_H 1
| #define HAVE_SYS_STAT_H 1
| #define HAVE_SYS_TIME_H 1
| #define HAVE_SYS_TIMEB_H 1
| #define HAVE_SYS_TYPES_H 1
| #define HAVE_SYS_UTSNAME_H 1
| #define HAVE_TERMIOS_H 1
| #define HAVE_GLOB_H 1
| #define HAVE_FENV_H 1
| #define HAVE_STRCASECMP 1
| #define HAVE_STRDUP 1
| #define HAVE_POPEN 1
| #define HAVE_VSNPRINTF 1
| #define HAVE_GETTIMEOFDAY 1
| #define HAVE_MKSTEMP 1
| #define HAVE_FMEMOPEN 1
| #define HAVE_LRINT 1
| #define HAVE_FSEEKO 1
| /* end confdefs.h.  */
| #include <id3tag.h>
configure:13972: result: no
configure:13972: checking for id3tag.h
configure:13972: result: no
configure:14206: checking twolame.h usability
configure:14206: gcc -c -g -O2 -fstack-protector -Wall -W -Wmissing-prototypes -Wstrict-prototypes -pedantic   conftest.c >&5
conftest.c:77:10: fatal error: 'twolame.h' file not found
   77 | #include <twolame.h>
      |          ^~~~~~~~~~~
1 error generated.
configure:14206: $? = 1
configure: failed program was:
| /* confdefs.h */
| #define PACKAGE_NAME "SoX"
| #define PACKAGE_TARNAME "sox"
| #define PACKAGE_VERSION "14.4.2"
| #define PACKAGE_STRING "SoX 14.4.2"
| #define PACKAGE_BUGREPORT "sox-devel@lists.sourceforge.net"
| #define PACKAGE_URL ""
| #define PACKAGE "sox"
| #define VERSION "14.4.2"
| #define STDC_HEADERS 1
| #define HAVE_SYS_TYPES_H 1
| #define HAVE_SYS_STAT_H 1
| #define HAVE_STDLIB_H 1
| #define HAVE_STRING_H 1
| #define HAVE_MEMORY_H 1
| #define HAVE_STRINGS_H 1
| #define HAVE_INTTYPES_H 1
| #define HAVE_STDINT_H 1
| #define HAVE_UNISTD_H 1
| #define HAVE_DLFCN_H 1
| #define LT_OBJDIR ".libs/"
| #define ENABLE_SSP_CC 1
| #define STDC_HEADERS 1
| #define HAVE_FCNTL_H 1
| #define HAVE_UNISTD_H 1
| #define HAVE_SYS_STAT_H 1
| #define HAVE_SYS_TIME_H 1
| #define HAVE_SYS_TIMEB_H 1
| #define HAVE_SYS_TYPES_H 1
| #define HAVE_SYS_UTSNAME_H 1
| #define HAVE_TERMIOS_H 1
| #define HAVE_GLOB_H 1
| #define HAVE_FENV_H 1
| #define HAVE_STRCASECMP 1
| #define HAVE_STRDUP 1
| #define HAVE_POPEN 1
| #define HAVE_VSNPRINTF 1
| #define HAVE_GETTIMEOFDAY 1
| #define HAVE_MKSTEMP 1
| #define HAVE_FMEMOPEN 1
| #define HAVE_LRINT 1
| #define HAVE_FSEEKO 1
| /* end confdefs.h.  */
| #include <stdio.h>
| #ifdef HAVE_SYS_TYPES_H
| # include <sys/types.h>
| #endif
| #ifdef HAVE_SYS_STAT_H
| # include <sys/stat.h>
| #endif
| #ifdef STDC_HEADERS
| # include <stdlib.h>
| # include <stddef.h>
| #else
| # ifdef HAVE_STDLIB_H
| #  include <stdlib.h>
| # endif
| #endif
| #ifdef HAVE_STRING_H
| # if !defined STDC_HEADERS && defined HAVE_MEMORY_H
| #  include <memory.h>
| # endif
| # include <string.h>
| #endif
| #ifdef HAVE_STRINGS_H
| # include <strings.h>
| #endif
| #ifdef HAVE_INTTYPES_H
| # include <inttypes.h>
| #endif
| #ifdef HAVE_STDINT_H
| # include <stdint.h>
| #endif
| #ifdef HAVE_UNISTD_H
| # include <unistd.h>
| #endif
| #include <twolame.h>
configure:14206: result: no
configure:14206: checking twolame.h presence
configure:14206: gcc -E  conftest.c
conftest.c:44:10: fatal error: 'twolame.h' file not found
   44 | #include <twolame.h>
      |          ^~~~~~~~~~~
1 error generated.
configure:14206: $? = 1
configure: failed program was:
| /* confdefs.h */
| #define PACKAGE_NAME "SoX"
| #define PACKAGE_TARNAME "sox"
| #define PACKAGE_VERSION "14.4.2"
| #define PACKAGE_STRING "SoX 14.4.2"
| #define PACKAGE_BUGREPORT "sox-devel@lists.sourceforge.net"
| #define PACKAGE_URL ""
| #define PACKAGE "sox"
| #define VERSION "14.4.2"
| #define STDC_HEADERS 1
| #define HAVE_SYS_TYPES_H 1
| #define HAVE_SYS_STAT_H 1
| #define HAVE_STDLIB_H 1
| #define HAVE_STRING_H 1
| #define HAVE_MEMORY_H 1
| #define HAVE_STRINGS_H 1
| #define HAVE_INTTYPES_H 1
| #define HAVE_STDINT_H 1
| #define HAVE_UNISTD_H 1
| #define HAVE_DLFCN_H 1
| #define LT_OBJDIR ".libs/"
| #define ENABLE_SSP_CC 1
| #define STDC_HEADERS 1
| #define HAVE_FCNTL_H 1
| #define HAVE_UNISTD_H 1
| #define HAVE_SYS_STAT_H 1
| #define HAVE_SYS_TIME_H 1
| #define HAVE_SYS_TIMEB_H 1
| #define HAVE_SYS_TYPES_H 1
| #define HAVE_SYS_UTSNAME_H 1
| #define HAVE_TERMIOS_H 1
| #define HAVE_GLOB_H 1
| #define HAVE_FENV_H 1
| #define HAVE_STRCASECMP 1
| #define HAVE_STRDUP 1
| #define HAVE_POPEN 1
| #define HAVE_VSNPRINTF 1
| #define HAVE_GETTIMEOFDAY 1
| #define HAVE_MKSTEMP 1
| #define HAVE_FMEMOPEN 1
| #define HAVE_LRINT 1
| #define HAVE_FSEEKO 1
| /* end confdefs.h.  */
| #include <twolame.h>
configure:14206: result: no
configure:14206: checking for twolame.h
configure:14206: result: no
configure:14218: checking whether to dlopen twolame
configure:14227: result: no
configure:14235: checking for twolame_init in -ltwolame
configure:14260: gcc -o conftest -g -O2 -fstack-protector -Wall -W -Wmissing-prototypes -Wstrict-prototypes -pedantic    conftest.c -ltwolame   >&5
conftest.c:51:19: warning: a function declaration without a prototype is deprecated in all versions of C [-Wstrict-prototypes]
   51 | char twolame_init ();
      |                   ^
      |                    void
conftest.c:53:6: warning: a function declaration without a prototype is deprecated in all versions of C [-Wstrict-prototypes]
   53 | main ()
      |      ^
      |       void
2 warnings generated.
ld: library 'twolame' not found
clang: error: linker command failed with exit code 1 (use -v to see invocation)
configure:14260: $? = 1
configure: failed program was:
| /* confdefs.h */
| #define PACKAGE_NAME "SoX"
| #define PACKAGE_TARNAME "sox"
| #define PACKAGE_VERSION "14.4.2"
| #define PACKAGE_STRING "SoX 14.4.2"
| #define PACKAGE_BUGREPORT "sox-devel@lists.sourceforge.net"
| #define PACKAGE_URL ""
| #define PACKAGE "sox"
| #define VERSION "14.4.2"
| #define STDC_HEADERS 1
| #define HAVE_SYS_TYPES_H 1
| #define HAVE_SYS_STAT_H 1
| #define HAVE_STDLIB_H 1
| #define HAVE_STRING_H 1
| #define HAVE_MEMORY_H 1
| #define HAVE_STRINGS_H 1
| #define HAVE_INTTYPES_H 1
| #define HAVE_STDINT_H 1
| #define HAVE_UNISTD_H 1
| #define HAVE_DLFCN_H 1
| #define LT_OBJDIR ".libs/"
| #define ENABLE_SSP_CC 1
| #define STDC_HEADERS 1
| #define HAVE_FCNTL_H 1
| #define HAVE_UNISTD_H 1
| #define HAVE_SYS_STAT_H 1
| #define HAVE_SYS_TIME_H 1
| #define HAVE_SYS_TIMEB_H 1
| #define HAVE_SYS_TYPES_H 1
| #define HAVE_SYS_UTSNAME_H 1
| #define HAVE_TERMIOS_H 1
| #define HAVE_GLOB_H 1
| #define HAVE_FENV_H 1
| #define HAVE_STRCASECMP 1
| #define HAVE_STRDUP 1
| #define HAVE_POPEN 1
| #define HAVE_VSNPRINTF 1
| #define HAVE_GETTIMEOFDAY 1
| #define HAVE_MKSTEMP 1
| #define HAVE_FMEMOPEN 1
| #define HAVE_LRINT 1
| #define HAVE_FSEEKO 1
| /* end confdefs.h.  */
| 
| /* Override any GCC internal prototype to avoid an error.
|    Use char because int might match the return type of a GCC
|    builtin and then its argument prototype would still apply.  */
| #ifdef __cplusplus
| extern "C"
| #endif
| char twolame_init ();
| int
| main ()
| {
| return twolame_init ();
|   ;
|   return 0;
| }
configure:14269: result: no
configure:14290: checking gsm/gsm.h usability
configure:14290: gcc -c -g -O2 -fstack-protector -Wall -W -Wmissing-prototypes -Wstrict-prototypes -pedantic   conftest.c >&5
conftest.c:77:10: fatal error: 'gsm/gsm.h' file not found
   77 | #include <gsm/gsm.h>
      |          ^~~~~~~~~~~
1 error generated.
configure:14290: $? = 1
configure: failed program was:
| /* confdefs.h */
| #define PACKAGE_NAME "SoX"
| #define PACKAGE_TARNAME "sox"
| #define PACKAGE_VERSION "14.4.2"
| #define PACKAGE_STRING "SoX 14.4.2"
| #define PACKAGE_BUGREPORT "sox-devel@lists.sourceforge.net"
| #define PACKAGE_URL ""
| #define PACKAGE "sox"
| #define VERSION "14.4.2"
| #define STDC_HEADERS 1
| #define HAVE_SYS_TYPES_H 1
| #define HAVE_SYS_STAT_H 1
| #define HAVE_STDLIB_H 1
| #define HAVE_STRING_H 1
| #define HAVE_MEMORY_H 1
| #define HAVE_STRINGS_H 1
| #define HAVE_INTTYPES_H 1
| #define HAVE_STDINT_H 1
| #define HAVE_UNISTD_H 1
| #define HAVE_DLFCN_H 1
| #define LT_OBJDIR ".libs/"
| #define ENABLE_SSP_CC 1
| #define STDC_HEADERS 1
| #define HAVE_FCNTL_H 1
| #define HAVE_UNISTD_H 1
| #define HAVE_SYS_STAT_H 1
| #define HAVE_SYS_TIME_H 1
| #define HAVE_SYS_TIMEB_H 1
| #define HAVE_SYS_TYPES_H 1
| #define HAVE_SYS_UTSNAME_H 1
| #define HAVE_TERMIOS_H 1
| #define HAVE_GLOB_H 1
| #define HAVE_FENV_H 1
| #define HAVE_STRCASECMP 1
| #define HAVE_STRDUP 1
| #define HAVE_POPEN 1
| #define HAVE_VSNPRINTF 1
| #define HAVE_GETTIMEOFDAY 1
| #define HAVE_MKSTEMP 1
| #define HAVE_FMEMOPEN 1
| #define HAVE_LRINT 1
| #define HAVE_FSEEKO 1
| /* end confdefs.h.  */
| #include <stdio.h>
| #ifdef HAVE_SYS_TYPES_H
| # include <sys/types.h>
| #endif
| #ifdef HAVE_SYS_STAT_H
| # include <sys/stat.h>
| #endif
| #ifdef STDC_HEADERS
| # include <stdlib.h>
| # include <stddef.h>
| #else
| # ifdef HAVE_STDLIB_H
| #  include <stdlib.h>
| # endif
| #endif
| #ifdef HAVE_STRING_H
| # if !defined STDC_HEADERS && defined HAVE_MEMORY_H
| #  include <memory.h>
| # endif
| # include <string.h>
| #endif
| #ifdef HAVE_STRINGS_H
| # include <strings.h>
| #endif
| #ifdef HAVE_INTTYPES_H
| # include <inttypes.h>
| #endif
| #ifdef HAVE_STDINT_H
| # include <stdint.h>
| #endif
| #ifdef HAVE_UNISTD_H
| # include <unistd.h>
| #endif
| #include <gsm/gsm.h>
configure:14290: result: no
configure:14290: checking gsm/gsm.h presence
configure:14290: gcc -E  conftest.c
conftest.c:44:10: fatal error: 'gsm/gsm.h' file not found
   44 | #include <gsm/gsm.h>
      |          ^~~~~~~~~~~
1 error generated.
configure:14290: $? = 1
configure: failed program was:
| /* confdefs.h */
| #define PACKAGE_NAME "SoX"
| #define PACKAGE_TARNAME "sox"
| #define PACKAGE_VERSION "14.4.2"
| #define PACKAGE_STRING "SoX 14.4.2"
| #define PACKAGE_BUGREPORT "sox-devel@lists.sourceforge.net"
| #define PACKAGE_URL ""
| #define PACKAGE "sox"
| #define VERSION "14.4.2"
| #define STDC_HEADERS 1
| #define HAVE_SYS_TYPES_H 1
| #define HAVE_SYS_STAT_H 1
| #define HAVE_STDLIB_H 1
| #define HAVE_STRING_H 1
| #define HAVE_MEMORY_H 1
| #define HAVE_STRINGS_H 1
| #define HAVE_INTTYPES_H 1
| #define HAVE_STDINT_H 1
| #define HAVE_UNISTD_H 1
| #define HAVE_DLFCN_H 1
| #define LT_OBJDIR ".libs/"
| #define ENABLE_SSP_CC 1
| #define STDC_HEADERS 1
| #define HAVE_FCNTL_H 1
| #define HAVE_UNISTD_H 1
| #define HAVE_SYS_STAT_H 1
| #define HAVE_SYS_TIME_H 1
| #define HAVE_SYS_TIMEB_H 1
| #define HAVE_SYS_TYPES_H 1
| #define HAVE_SYS_UTSNAME_H 1
| #define HAVE_TERMIOS_H 1
| #define HAVE_GLOB_H 1
| #define HAVE_FENV_H 1
| #define HAVE_STRCASECMP 1
| #define HAVE_STRDUP 1
| #define HAVE_POPEN 1
| #define HAVE_VSNPRINTF 1
| #define HAVE_GETTIMEOFDAY 1
| #define HAVE_MKSTEMP 1
| #define HAVE_FMEMOPEN 1
| #define HAVE_LRINT 1
| #define HAVE_FSEEKO 1
| /* end confdefs.h.  */
| #include <gsm/gsm.h>
configure:14290: result: no
configure:14290: checking for gsm/gsm.h
configure:14290: result: no
configure:14299: checking gsm.h usability
configure:14299: gcc -c -g -O2 -fstack-protector -Wall -W -Wmissing-prototypes -Wstrict-prototypes -pedantic   conftest.c >&5
conftest.c:77:10: fatal error: 'gsm.h' file not found
   77 | #include <gsm.h>
      |          ^~~~~~~
1 error generated.
configure:14299: $? = 1
configure: failed program was:
| /* confdefs.h */
| #define PACKAGE_NAME "SoX"
| #define PACKAGE_TARNAME "sox"
| #define PACKAGE_VERSION "14.4.2"
| #define PACKAGE_STRING "SoX 14.4.2"
| #define PACKAGE_BUGREPORT "sox-devel@lists.sourceforge.net"
| #define PACKAGE_URL ""
| #define PACKAGE "sox"
| #define VERSION "14.4.2"
| #define STDC_HEADERS 1
| #define HAVE_SYS_TYPES_H 1
| #define HAVE_SYS_STAT_H 1
| #define HAVE_STDLIB_H 1
| #define HAVE_STRING_H 1
| #define HAVE_MEMORY_H 1
| #define HAVE_STRINGS_H 1
| #define HAVE_INTTYPES_H 1
| #define HAVE_STDINT_H 1
| #define HAVE_UNISTD_H 1
| #define HAVE_DLFCN_H 1
| #define LT_OBJDIR ".libs/"
| #define ENABLE_SSP_CC 1
| #define STDC_HEADERS 1
| #define HAVE_FCNTL_H 1
| #define HAVE_UNISTD_H 1
| #define HAVE_SYS_STAT_H 1
| #define HAVE_SYS_TIME_H 1
| #define HAVE_SYS_TIMEB_H 1
| #define HAVE_SYS_TYPES_H 1
| #define HAVE_SYS_UTSNAME_H 1
| #define HAVE_TERMIOS_H 1
| #define HAVE_GLOB_H 1
| #define HAVE_FENV_H 1
| #define HAVE_STRCASECMP 1
| #define HAVE_STRDUP 1
| #define HAVE_POPEN 1
| #define HAVE_VSNPRINTF 1
| #define HAVE_GETTIMEOFDAY 1
| #define HAVE_MKSTEMP 1
| #define HAVE_FMEMOPEN 1
| #define HAVE_LRINT 1
| #define HAVE_FSEEKO 1
| /* end confdefs.h.  */
| #include <stdio.h>
| #ifdef HAVE_SYS_TYPES_H
| # include <sys/types.h>
| #endif
| #ifdef HAVE_SYS_STAT_H
| # include <sys/stat.h>
| #endif
| #ifdef STDC_HEADERS
| # include <stdlib.h>
| # include <stddef.h>
| #else
| # ifdef HAVE_STDLIB_H
| #  include <stdlib.h>
| # endif
| #endif
| #ifdef HAVE_STRING_H
| # if !defined STDC_HEADERS && defined HAVE_MEMORY_H
| #  include <memory.h>
| # endif
| # include <string.h>
| #endif
| #ifdef HAVE_STRINGS_H
| # include <strings.h>
| #endif
| #ifdef HAVE_INTTYPES_H
| # include <inttypes.h>
| #endif
| #ifdef HAVE_STDINT_H
| # include <stdint.h>
| #endif
| #ifdef HAVE_UNISTD_H
| # include <unistd.h>
| #endif
| #include <gsm.h>
configure:14299: result: no
configure:14299: checking gsm.h presence
configure:14299: gcc -E  conftest.c
conftest.c:44:10: fatal error: 'gsm.h' file not found
   44 | #include <gsm.h>
      |          ^~~~~~~
1 error generated.
configure:14299: $? = 1
configure: failed program was:
| /* confdefs.h */
| #define PACKAGE_NAME "SoX"
| #define PACKAGE_TARNAME "sox"
| #define PACKAGE_VERSION "14.4.2"
| #define PACKAGE_STRING "SoX 14.4.2"
| #define PACKAGE_BUGREPORT "sox-devel@lists.sourceforge.net"
| #define PACKAGE_URL ""
| #define PACKAGE "sox"
| #define VERSION "14.4.2"
| #define STDC_HEADERS 1
| #define HAVE_SYS_TYPES_H 1
| #define HAVE_SYS_STAT_H 1
| #define HAVE_STDLIB_H 1
| #define HAVE_STRING_H 1
| #define HAVE_MEMORY_H 1
| #define HAVE_STRINGS_H 1
| #define HAVE_INTTYPES_H 1
| #define HAVE_STDINT_H 1
| #define HAVE_UNISTD_H 1
| #define HAVE_DLFCN_H 1
| #define LT_OBJDIR ".libs/"
| #define ENABLE_SSP_CC 1
| #define STDC_HEADERS 1
| #define HAVE_FCNTL_H 1
| #define HAVE_UNISTD_H 1
| #define HAVE_SYS_STAT_H 1
| #define HAVE_SYS_TIME_H 1
| #define HAVE_SYS_TIMEB_H 1
| #define HAVE_SYS_TYPES_H 1
| #define HAVE_SYS_UTSNAME_H 1
| #define HAVE_TERMIOS_H 1
| #define HAVE_GLOB_H 1
| #define HAVE_FENV_H 1
| #define HAVE_STRCASECMP 1
| #define HAVE_STRDUP 1
| #define HAVE_POPEN 1
| #define HAVE_VSNPRINTF 1
| #define HAVE_GETTIMEOFDAY 1
| #define HAVE_MKSTEMP 1
| #define HAVE_FMEMOPEN 1
| #define HAVE_LRINT 1
| #define HAVE_FSEEKO 1
| /* end confdefs.h.  */
| #include <gsm.h>
configure:14299: result: no
configure:14299: checking for gsm.h
configure:14299: result: no
configure:14315: checking for gsm_create in -lgsm
configure:14340: gcc -o conftest -g -O2 -fstack-protector -Wall -W -Wmissing-prototypes -Wstrict-prototypes -pedantic    conftest.c -lgsm   >&5
conftest.c:51:17: warning: a function declaration without a prototype is deprecated in all versions of C [-Wstrict-prototypes]
   51 | char gsm_create ();
      |                 ^
      |                  void
conftest.c:53:6: warning: a function declaration without a prototype is deprecated in all versions of C [-Wstrict-prototypes]
   53 | main ()
      |      ^
      |       void
2 warnings generated.
ld: library 'gsm' not found
clang: error: linker command failed with exit code 1 (use -v to see invocation)
configure:14340: $? = 1
configure: failed program was:
| /* confdefs.h */
| #define PACKAGE_NAME "SoX"
| #define PACKAGE_TARNAME "sox"
| #define PACKAGE_VERSION "14.4.2"
| #define PACKAGE_STRING "SoX 14.4.2"
| #define PACKAGE_BUGREPORT "sox-devel@lists.sourceforge.net"
| #define PACKAGE_URL ""
| #define PACKAGE "sox"
| #define VERSION "14.4.2"
| #define STDC_HEADERS 1
| #define HAVE_SYS_TYPES_H 1
| #define HAVE_SYS_STAT_H 1
| #define HAVE_STDLIB_H 1
| #define HAVE_STRING_H 1
| #define HAVE_MEMORY_H 1
| #define HAVE_STRINGS_H 1
| #define HAVE_INTTYPES_H 1
| #define HAVE_STDINT_H 1
| #define HAVE_UNISTD_H 1
| #define HAVE_DLFCN_H 1
| #define LT_OBJDIR ".libs/"
| #define ENABLE_SSP_CC 1
| #define STDC_HEADERS 1
| #define HAVE_FCNTL_H 1
| #define HAVE_UNISTD_H 1
| #define HAVE_SYS_STAT_H 1
| #define HAVE_SYS_TIME_H 1
| #define HAVE_SYS_TIMEB_H 1
| #define HAVE_SYS_TYPES_H 1
| #define HAVE_SYS_UTSNAME_H 1
| #define HAVE_TERMIOS_H 1
| #define HAVE_GLOB_H 1
| #define HAVE_FENV_H 1
| #define HAVE_STRCASECMP 1
| #define HAVE_STRDUP 1
| #define HAVE_POPEN 1
| #define HAVE_VSNPRINTF 1
| #define HAVE_GETTIMEOFDAY 1
| #define HAVE_MKSTEMP 1
| #define HAVE_FMEMOPEN 1
| #define HAVE_LRINT 1
| #define HAVE_FSEEKO 1
| /* end confdefs.h.  */
| 
| /* Override any GCC internal prototype to avoid an error.
|    Use char because int might match the return type of a GCC
|    builtin and then its argument prototype would still apply.  */
| #ifdef __cplusplus
| extern "C"
| #endif
| char gsm_create ();
| int
| main ()
| {
| return gsm_create ();
|   ;
|   return 0;
| }
configure:14349: result: no
configure:14380: checking lpc10.h usability
configure:14380: gcc -c -g -O2 -fstack-protector -Wall -W -Wmissing-prototypes -Wstrict-prototypes -pedantic   conftest.c >&5
conftest.c:77:10: fatal error: 'lpc10.h' file not found
   77 | #include <lpc10.h>
      |          ^~~~~~~~~
1 error generated.
configure:14380: $? = 1
configure: failed program was:
| /* confdefs.h */
| #define PACKAGE_NAME "SoX"
| #define PACKAGE_TARNAME "sox"
| #define PACKAGE_VERSION "14.4.2"
| #define PACKAGE_STRING "SoX 14.4.2"
| #define PACKAGE_BUGREPORT "sox-devel@lists.sourceforge.net"
| #define PACKAGE_URL ""
| #define PACKAGE "sox"
| #define VERSION "14.4.2"
| #define STDC_HEADERS 1
| #define HAVE_SYS_TYPES_H 1
| #define HAVE_SYS_STAT_H 1
| #define HAVE_STDLIB_H 1
| #define HAVE_STRING_H 1
| #define HAVE_MEMORY_H 1
| #define HAVE_STRINGS_H 1
| #define HAVE_INTTYPES_H 1
| #define HAVE_STDINT_H 1
| #define HAVE_UNISTD_H 1
| #define HAVE_DLFCN_H 1
| #define LT_OBJDIR ".libs/"
| #define ENABLE_SSP_CC 1
| #define STDC_HEADERS 1
| #define HAVE_FCNTL_H 1
| #define HAVE_UNISTD_H 1
| #define HAVE_SYS_STAT_H 1
| #define HAVE_SYS_TIME_H 1
| #define HAVE_SYS_TIMEB_H 1
| #define HAVE_SYS_TYPES_H 1
| #define HAVE_SYS_UTSNAME_H 1
| #define HAVE_TERMIOS_H 1
| #define HAVE_GLOB_H 1
| #define HAVE_FENV_H 1
| #define HAVE_STRCASECMP 1
| #define HAVE_STRDUP 1
| #define HAVE_POPEN 1
| #define HAVE_VSNPRINTF 1
| #define HAVE_GETTIMEOFDAY 1
| #define HAVE_MKSTEMP 1
| #define HAVE_FMEMOPEN 1
| #define HAVE_LRINT 1
| #define HAVE_FSEEKO 1
| /* end confdefs.h.  */
| #include <stdio.h>
| #ifdef HAVE_SYS_TYPES_H
| # include <sys/types.h>
| #endif
| #ifdef HAVE_SYS_STAT_H
| # include <sys/stat.h>
| #endif
| #ifdef STDC_HEADERS
| # include <stdlib.h>
| # include <stddef.h>
| #else
| # ifdef HAVE_STDLIB_H
| #  include <stdlib.h>
| # endif
| #endif
| #ifdef HAVE_STRING_H
| # if !defined STDC_HEADERS && defined HAVE_MEMORY_H
| #  include <memory.h>
| # endif
| # include <string.h>
| #endif
| #ifdef HAVE_STRINGS_H
| # include <strings.h>
| #endif
| #ifdef HAVE_INTTYPES_H
| # include <inttypes.h>
| #endif
| #ifdef HAVE_STDINT_H
| # include <stdint.h>
| #endif
| #ifdef HAVE_UNISTD_H
| # include <unistd.h>
| #endif
| #include <lpc10.h>
configure:14380: result: no
configure:14380: checking lpc10.h presence
configure:14380: gcc -E  conftest.c
conftest.c:44:10: fatal error: 'lpc10.h' file not found
   44 | #include <lpc10.h>
      |          ^~~~~~~~~
1 error generated.
configure:14380: $? = 1
configure: failed program was:
| /* confdefs.h */
| #define PACKAGE_NAME "SoX"
| #define PACKAGE_TARNAME "sox"
| #define PACKAGE_VERSION "14.4.2"
| #define PACKAGE_STRING "SoX 14.4.2"
| #define PACKAGE_BUGREPORT "sox-devel@lists.sourceforge.net"
| #define PACKAGE_URL ""
| #define PACKAGE "sox"
| #define VERSION "14.4.2"
| #define STDC_HEADERS 1
| #define HAVE_SYS_TYPES_H 1
| #define HAVE_SYS_STAT_H 1
| #define HAVE_STDLIB_H 1
| #define HAVE_STRING_H 1
| #define HAVE_MEMORY_H 1
| #define HAVE_STRINGS_H 1
| #define HAVE_INTTYPES_H 1
| #define HAVE_STDINT_H 1
| #define HAVE_UNISTD_H 1
| #define HAVE_DLFCN_H 1
| #define LT_OBJDIR ".libs/"
| #define ENABLE_SSP_CC 1
| #define STDC_HEADERS 1
| #define HAVE_FCNTL_H 1
| #define HAVE_UNISTD_H 1
| #define HAVE_SYS_STAT_H 1
| #define HAVE_SYS_TIME_H 1
| #define HAVE_SYS_TIMEB_H 1
| #define HAVE_SYS_TYPES_H 1
| #define HAVE_SYS_UTSNAME_H 1
| #define HAVE_TERMIOS_H 1
| #define HAVE_GLOB_H 1
| #define HAVE_FENV_H 1
| #define HAVE_STRCASECMP 1
| #define HAVE_STRDUP 1
| #define HAVE_POPEN 1
| #define HAVE_VSNPRINTF 1
| #define HAVE_GETTIMEOFDAY 1
| #define HAVE_MKSTEMP 1
| #define HAVE_FMEMOPEN 1
| #define HAVE_LRINT 1
| #define HAVE_FSEEKO 1
| /* end confdefs.h.  */
| #include <lpc10.h>
configure:14380: result: no
configure:14380: checking for lpc10.h
configure:14380: result: no
configure:14389: checking for lpc10.h
configure:14389: result: no
configure:14405: checking for create_lpc10_encoder_state in -llpc10
configure:14430: gcc -o conftest -g -O2 -fstack-protector -Wall -W -Wmissing-prototypes -Wstrict-prototypes -pedantic    conftest.c -llpc10   >&5
conftest.c:51:33: warning: a function declaration without a prototype is deprecated in all versions of C [-Wstrict-prototypes]
   51 | char create_lpc10_encoder_state ();
      |                                 ^
      |                                  void
conftest.c:53:6: warning: a function declaration without a prototype is deprecated in all versions of C [-Wstrict-prototypes]
   53 | main ()
      |      ^
      |       void
2 warnings generated.
ld: library 'lpc10' not found
clang: error: linker command failed with exit code 1 (use -v to see invocation)
configure:14430: $? = 1
configure: failed program was:
| /* confdefs.h */
| #define PACKAGE_NAME "SoX"
| #define PACKAGE_TARNAME "sox"
| #define PACKAGE_VERSION "14.4.2"
| #define PACKAGE_STRING "SoX 14.4.2"
| #define PACKAGE_BUGREPORT "sox-devel@lists.sourceforge.net"
| #define PACKAGE_URL ""
| #define PACKAGE "sox"
| #define VERSION "14.4.2"
| #define STDC_HEADERS 1
| #define HAVE_SYS_TYPES_H 1
| #define HAVE_SYS_STAT_H 1
| #define HAVE_STDLIB_H 1
| #define HAVE_STRING_H 1
| #define HAVE_MEMORY_H 1
| #define HAVE_STRINGS_H 1
| #define HAVE_INTTYPES_H 1
| #define HAVE_STDINT_H 1
| #define HAVE_UNISTD_H 1
| #define HAVE_DLFCN_H 1
| #define LT_OBJDIR ".libs/"
| #define ENABLE_SSP_CC 1
| #define STDC_HEADERS 1
| #define HAVE_FCNTL_H 1
| #define HAVE_UNISTD_H 1
| #define HAVE_SYS_STAT_H 1
| #define HAVE_SYS_TIME_H 1
| #define HAVE_SYS_TIMEB_H 1
| #define HAVE_SYS_TYPES_H 1
| #define HAVE_SYS_UTSNAME_H 1
| #define HAVE_TERMIOS_H 1
| #define HAVE_GLOB_H 1
| #define HAVE_FENV_H 1
| #define HAVE_STRCASECMP 1
| #define HAVE_STRDUP 1
| #define HAVE_POPEN 1
| #define HAVE_VSNPRINTF 1
| #define HAVE_GETTIMEOFDAY 1
| #define HAVE_MKSTEMP 1
| #define HAVE_FMEMOPEN 1
| #define HAVE_LRINT 1
| #define HAVE_FSEEKO 1
| /* end confdefs.h.  */
| 
| /* Override any GCC internal prototype to avoid an error.
|    Use char because int might match the return type of a GCC
|    builtin and then its argument prototype would still apply.  */
| #ifdef __cplusplus
| extern "C"
| #endif
| char create_lpc10_encoder_state ();
| int
| main ()
| {
| return create_lpc10_encoder_state ();
|   ;
|   return 0;
| }
configure:14439: result: no
configure:14490: checking vorbis/codec.h usability
configure:14490: gcc -c -g -O2 -fstack-protector -Wall -W -Wmissing-prototypes -Wstrict-prototypes -pedantic   conftest.c >&5
conftest.c:77:10: fatal error: 'vorbis/codec.h' file not found
   77 | #include <vorbis/codec.h>
      |          ^~~~~~~~~~~~~~~~
1 error generated.
configure:14490: $? = 1
configure: failed program was:
| /* confdefs.h */
| #define PACKAGE_NAME "SoX"
| #define PACKAGE_TARNAME "sox"
| #define PACKAGE_VERSION "14.4.2"
| #define PACKAGE_STRING "SoX 14.4.2"
| #define PACKAGE_BUGREPORT "sox-devel@lists.sourceforge.net"
| #define PACKAGE_URL ""
| #define PACKAGE "sox"
| #define VERSION "14.4.2"
| #define STDC_HEADERS 1
| #define HAVE_SYS_TYPES_H 1
| #define HAVE_SYS_STAT_H 1
| #define HAVE_STDLIB_H 1
| #define HAVE_STRING_H 1
| #define HAVE_MEMORY_H 1
| #define HAVE_STRINGS_H 1
| #define HAVE_INTTYPES_H 1
| #define HAVE_STDINT_H 1
| #define HAVE_UNISTD_H 1
| #define HAVE_DLFCN_H 1
| #define LT_OBJDIR ".libs/"
| #define ENABLE_SSP_CC 1
| #define STDC_HEADERS 1
| #define HAVE_FCNTL_H 1
| #define HAVE_UNISTD_H 1
| #define HAVE_SYS_STAT_H 1
| #define HAVE_SYS_TIME_H 1
| #define HAVE_SYS_TIMEB_H 1
| #define HAVE_SYS_TYPES_H 1
| #define HAVE_SYS_UTSNAME_H 1
| #define HAVE_TERMIOS_H 1
| #define HAVE_GLOB_H 1
| #define HAVE_FENV_H 1
| #define HAVE_STRCASECMP 1
| #define HAVE_STRDUP 1
| #define HAVE_POPEN 1
| #define HAVE_VSNPRINTF 1
| #define HAVE_GETTIMEOFDAY 1
| #define HAVE_MKSTEMP 1
| #define HAVE_FMEMOPEN 1
| #define HAVE_LRINT 1
| #define HAVE_FSEEKO 1
| /* end confdefs.h.  */
| #include <stdio.h>
| #ifdef HAVE_SYS_TYPES_H
| # include <sys/types.h>
| #endif
| #ifdef HAVE_SYS_STAT_H
| # include <sys/stat.h>
| #endif
| #ifdef STDC_HEADERS
| # include <stdlib.h>
| # include <stddef.h>
| #else
| # ifdef HAVE_STDLIB_H
| #  include <stdlib.h>
| # endif
| #endif
| #ifdef HAVE_STRING_H
| # if !defined STDC_HEADERS && defined HAVE_MEMORY_H
| #  include <memory.h>
| # endif
| # include <string.h>
| #endif
| #ifdef HAVE_STRINGS_H
| # include <strings.h>
| #endif
| #ifdef HAVE_INTTYPES_H
| # include <inttypes.h>
| #endif
| #ifdef HAVE_STDINT_H
| # include <stdint.h>
| #endif
| #ifdef HAVE_UNISTD_H
| # include <unistd.h>
| #endif
| #include <vorbis/codec.h>
configure:14490: result: no
configure:14490: checking vorbis/codec.h presence
configure:14490: gcc -E  conftest.c
conftest.c:44:10: fatal error: 'vorbis/codec.h' file not found
   44 | #include <vorbis/codec.h>
      |          ^~~~~~~~~~~~~~~~
1 error generated.
configure:14490: $? = 1
configure: failed program was:
| /* confdefs.h */
| #define PACKAGE_NAME "SoX"
| #define PACKAGE_TARNAME "sox"
| #define PACKAGE_VERSION "14.4.2"
| #define PACKAGE_STRING "SoX 14.4.2"
| #define PACKAGE_BUGREPORT "sox-devel@lists.sourceforge.net"
| #define PACKAGE_URL ""
| #define PACKAGE "sox"
| #define VERSION "14.4.2"
| #define STDC_HEADERS 1
| #define HAVE_SYS_TYPES_H 1
| #define HAVE_SYS_STAT_H 1
| #define HAVE_STDLIB_H 1
| #define HAVE_STRING_H 1
| #define HAVE_MEMORY_H 1
| #define HAVE_STRINGS_H 1
| #define HAVE_INTTYPES_H 1
| #define HAVE_STDINT_H 1
| #define HAVE_UNISTD_H 1
| #define HAVE_DLFCN_H 1
| #define LT_OBJDIR ".libs/"
| #define ENABLE_SSP_CC 1
| #define STDC_HEADERS 1
| #define HAVE_FCNTL_H 1
| #define HAVE_UNISTD_H 1
| #define HAVE_SYS_STAT_H 1
| #define HAVE_SYS_TIME_H 1
| #define HAVE_SYS_TIMEB_H 1
| #define HAVE_SYS_TYPES_H 1
| #define HAVE_SYS_UTSNAME_H 1
| #define HAVE_TERMIOS_H 1
| #define HAVE_GLOB_H 1
| #define HAVE_FENV_H 1
| #define HAVE_STRCASECMP 1
| #define HAVE_STRDUP 1
| #define HAVE_POPEN 1
| #define HAVE_VSNPRINTF 1
| #define HAVE_GETTIMEOFDAY 1
| #define HAVE_MKSTEMP 1
| #define HAVE_FMEMOPEN 1
| #define HAVE_LRINT 1
| #define HAVE_FSEEKO 1
| /* end confdefs.h.  */
| #include <vorbis/codec.h>
configure:14490: result: no
configure:14490: checking for vorbis/codec.h
configure:14490: result: no
configure:14728: checking for OPUS
configure:14735: $PKG_CONFIG --exists --print-errors "opusfile"
Package opusfile was not found in the pkg-config search path.
Perhaps you should add the directory containing `opusfile.pc'
to the PKG_CONFIG_PATH environment variable
Package 'opusfile' not found
configure:14738: $? = 1
configure:14752: $PKG_CONFIG --exists --print-errors "opusfile"
Package opusfile was not found in the pkg-config search path.
Perhaps you should add the directory containing `opusfile.pc'
to the PKG_CONFIG_PATH environment variable
Package 'opusfile' not found
configure:14755: $? = 1
configure:14769: result: no
Package 'opusfile' not found
configure:14871: checking FLAC/all.h usability
configure:14871: gcc -c -g -O2 -fstack-protector -Wall -W -Wmissing-prototypes -Wstrict-prototypes -pedantic   conftest.c >&5
conftest.c:77:10: fatal error: 'FLAC/all.h' file not found
   77 | #include <FLAC/all.h>
      |          ^~~~~~~~~~~~
1 error generated.
configure:14871: $? = 1
configure: failed program was:
| /* confdefs.h */
| #define PACKAGE_NAME "SoX"
| #define PACKAGE_TARNAME "sox"
| #define PACKAGE_VERSION "14.4.2"
| #define PACKAGE_STRING "SoX 14.4.2"
| #define PACKAGE_BUGREPORT "sox-devel@lists.sourceforge.net"
| #define PACKAGE_URL ""
| #define PACKAGE "sox"
| #define VERSION "14.4.2"
| #define STDC_HEADERS 1
| #define HAVE_SYS_TYPES_H 1
| #define HAVE_SYS_STAT_H 1
| #define HAVE_STDLIB_H 1
| #define HAVE_STRING_H 1
| #define HAVE_MEMORY_H 1
| #define HAVE_STRINGS_H 1
| #define HAVE_INTTYPES_H 1
| #define HAVE_STDINT_H 1
| #define HAVE_UNISTD_H 1
| #define HAVE_DLFCN_H 1
| #define LT_OBJDIR ".libs/"
| #define ENABLE_SSP_CC 1
| #define STDC_HEADERS 1
| #define HAVE_FCNTL_H 1
| #define HAVE_UNISTD_H 1
| #define HAVE_SYS_STAT_H 1
| #define HAVE_SYS_TIME_H 1
| #define HAVE_SYS_TIMEB_H 1
| #define HAVE_SYS_TYPES_H 1
| #define HAVE_SYS_UTSNAME_H 1
| #define HAVE_TERMIOS_H 1
| #define HAVE_GLOB_H 1
| #define HAVE_FENV_H 1
| #define HAVE_STRCASECMP 1
| #define HAVE_STRDUP 1
| #define HAVE_POPEN 1
| #define HAVE_VSNPRINTF 1
| #define HAVE_GETTIMEOFDAY 1
| #define HAVE_MKSTEMP 1
| #define HAVE_FMEMOPEN 1
| #define HAVE_LRINT 1
| #define HAVE_FSEEKO 1
| /* end confdefs.h.  */
| #include <stdio.h>
| #ifdef HAVE_SYS_TYPES_H
| # include <sys/types.h>
| #endif
| #ifdef HAVE_SYS_STAT_H
| # include <sys/stat.h>
| #endif
| #ifdef STDC_HEADERS
| # include <stdlib.h>
| # include <stddef.h>
| #else
| # ifdef HAVE_STDLIB_H
| #  include <stdlib.h>
| # endif
| #endif
| #ifdef HAVE_STRING_H
| # if !defined STDC_HEADERS && defined HAVE_MEMORY_H
| #  include <memory.h>
| # endif
| # include <string.h>
| #endif
| #ifdef HAVE_STRINGS_H
| # include <strings.h>
| #endif
| #ifdef HAVE_INTTYPES_H
| # include <inttypes.h>
| #endif
| #ifdef HAVE_STDINT_H
| # include <stdint.h>
| #endif
| #ifdef HAVE_UNISTD_H
| # include <unistd.h>
| #endif
| #include <FLAC/all.h>
configure:14871: result: no
configure:14871: checking FLAC/all.h presence
configure:14871: gcc -E  conftest.c
conftest.c:44:10: fatal error: 'FLAC/all.h' file not found
   44 | #include <FLAC/all.h>
      |          ^~~~~~~~~~~~
1 error generated.
configure:14871: $? = 1
configure: failed program was:
| /* confdefs.h */
| #define PACKAGE_NAME "SoX"
| #define PACKAGE_TARNAME "sox"
| #define PACKAGE_VERSION "14.4.2"
| #define PACKAGE_STRING "SoX 14.4.2"
| #define PACKAGE_BUGREPORT "sox-devel@lists.sourceforge.net"
| #define PACKAGE_URL ""
| #define PACKAGE "sox"
| #define VERSION "14.4.2"
| #define STDC_HEADERS 1
| #define HAVE_SYS_TYPES_H 1
| #define HAVE_SYS_STAT_H 1
| #define HAVE_STDLIB_H 1
| #define HAVE_STRING_H 1
| #define HAVE_MEMORY_H 1
| #define HAVE_STRINGS_H 1
| #define HAVE_INTTYPES_H 1
| #define HAVE_STDINT_H 1
| #define HAVE_UNISTD_H 1
| #define HAVE_DLFCN_H 1
| #define LT_OBJDIR ".libs/"
| #define ENABLE_SSP_CC 1
| #define STDC_HEADERS 1
| #define HAVE_FCNTL_H 1
| #define HAVE_UNISTD_H 1
| #define HAVE_SYS_STAT_H 1
| #define HAVE_SYS_TIME_H 1
| #define HAVE_SYS_TIMEB_H 1
| #define HAVE_SYS_TYPES_H 1
| #define HAVE_SYS_UTSNAME_H 1
| #define HAVE_TERMIOS_H 1
| #define HAVE_GLOB_H 1
| #define HAVE_FENV_H 1
| #define HAVE_STRCASECMP 1
| #define HAVE_STRDUP 1
| #define HAVE_POPEN 1
| #define HAVE_VSNPRINTF 1
| #define HAVE_GETTIMEOFDAY 1
| #define HAVE_MKSTEMP 1
| #define HAVE_FMEMOPEN 1
| #define HAVE_LRINT 1
| #define HAVE_FSEEKO 1
| /* end confdefs.h.  */
| #include <FLAC/all.h>
configure:14871: result: no
configure:14871: checking for FLAC/all.h
configure:14871: result: no
configure:14969: checking opencore-amrwb/dec_if.h usability
configure:14969: gcc -c -g -O2 -fstack-protector -Wall -W -Wmissing-prototypes -Wstrict-prototypes -pedantic   conftest.c >&5
conftest.c:77:10: fatal error: 'opencore-amrwb/dec_if.h' file not found
   77 | #include <opencore-amrwb/dec_if.h>
      |          ^~~~~~~~~~~~~~~~~~~~~~~~~
1 error generated.
configure:14969: $? = 1
configure: failed program was:
| /* confdefs.h */
| #define PACKAGE_NAME "SoX"
| #define PACKAGE_TARNAME "sox"
| #define PACKAGE_VERSION "14.4.2"
| #define PACKAGE_STRING "SoX 14.4.2"
| #define PACKAGE_BUGREPORT "sox-devel@lists.sourceforge.net"
| #define PACKAGE_URL ""
| #define PACKAGE "sox"
| #define VERSION "14.4.2"
| #define STDC_HEADERS 1
| #define HAVE_SYS_TYPES_H 1
| #define HAVE_SYS_STAT_H 1
| #define HAVE_STDLIB_H 1
| #define HAVE_STRING_H 1
| #define HAVE_MEMORY_H 1
| #define HAVE_STRINGS_H 1
| #define HAVE_INTTYPES_H 1
| #define HAVE_STDINT_H 1
| #define HAVE_UNISTD_H 1
| #define HAVE_DLFCN_H 1
| #define LT_OBJDIR ".libs/"
| #define ENABLE_SSP_CC 1
| #define STDC_HEADERS 1
| #define HAVE_FCNTL_H 1
| #define HAVE_UNISTD_H 1
| #define HAVE_SYS_STAT_H 1
| #define HAVE_SYS_TIME_H 1
| #define HAVE_SYS_TIMEB_H 1
| #define HAVE_SYS_TYPES_H 1
| #define HAVE_SYS_UTSNAME_H 1
| #define HAVE_TERMIOS_H 1
| #define HAVE_GLOB_H 1
| #define HAVE_FENV_H 1
| #define HAVE_STRCASECMP 1
| #define HAVE_STRDUP 1
| #define HAVE_POPEN 1
| #define HAVE_VSNPRINTF 1
| #define HAVE_GETTIMEOFDAY 1
| #define HAVE_MKSTEMP 1
| #define HAVE_FMEMOPEN 1
| #define HAVE_LRINT 1
| #define HAVE_FSEEKO 1
| /* end confdefs.h.  */
| #include <stdio.h>
| #ifdef HAVE_SYS_TYPES_H
| # include <sys/types.h>
| #endif
| #ifdef HAVE_SYS_STAT_H
| # include <sys/stat.h>
| #endif
| #ifdef STDC_HEADERS
| # include <stdlib.h>
| # include <stddef.h>
| #else
| # ifdef HAVE_STDLIB_H
| #  include <stdlib.h>
| # endif
| #endif
| #ifdef HAVE_STRING_H
| # if !defined STDC_HEADERS && defined HAVE_MEMORY_H
| #  include <memory.h>
| # endif
| # include <string.h>
| #endif
| #ifdef HAVE_STRINGS_H
| # include <strings.h>
| #endif
| #ifdef HAVE_INTTYPES_H
| # include <inttypes.h>
| #endif
| #ifdef HAVE_STDINT_H
| # include <stdint.h>
| #endif
| #ifdef HAVE_UNISTD_H
| # include <unistd.h>
| #endif
| #include <opencore-amrwb/dec_if.h>
configure:14969: result: no
configure:14969: checking opencore-amrwb/dec_if.h presence
configure:14969: gcc -E  conftest.c
conftest.c:44:10: fatal error: 'opencore-amrwb/dec_if.h' file not found
   44 | #include <opencore-amrwb/dec_if.h>
      |          ^~~~~~~~~~~~~~~~~~~~~~~~~
1 error generated.
configure:14969: $? = 1
configure: failed program was:
| /* confdefs.h */
| #define PACKAGE_NAME "SoX"
| #define PACKAGE_TARNAME "sox"
| #define PACKAGE_VERSION "14.4.2"
| #define PACKAGE_STRING "SoX 14.4.2"
| #define PACKAGE_BUGREPORT "sox-devel@lists.sourceforge.net"
| #define PACKAGE_URL ""
| #define PACKAGE "sox"
| #define VERSION "14.4.2"
| #define STDC_HEADERS 1
| #define HAVE_SYS_TYPES_H 1
| #define HAVE_SYS_STAT_H 1
| #define HAVE_STDLIB_H 1
| #define HAVE_STRING_H 1
| #define HAVE_MEMORY_H 1
| #define HAVE_STRINGS_H 1
| #define HAVE_INTTYPES_H 1
| #define HAVE_STDINT_H 1
| #define HAVE_UNISTD_H 1
| #define HAVE_DLFCN_H 1
| #define LT_OBJDIR ".libs/"
| #define ENABLE_SSP_CC 1
| #define STDC_HEADERS 1
| #define HAVE_FCNTL_H 1
| #define HAVE_UNISTD_H 1
| #define HAVE_SYS_STAT_H 1
| #define HAVE_SYS_TIME_H 1
| #define HAVE_SYS_TIMEB_H 1
| #define HAVE_SYS_TYPES_H 1
| #define HAVE_SYS_UTSNAME_H 1
| #define HAVE_TERMIOS_H 1
| #define HAVE_GLOB_H 1
| #define HAVE_FENV_H 1
| #define HAVE_STRCASECMP 1
| #define HAVE_STRDUP 1
| #define HAVE_POPEN 1
| #define HAVE_VSNPRINTF 1
| #define HAVE_GETTIMEOFDAY 1
| #define HAVE_MKSTEMP 1
| #define HAVE_FMEMOPEN 1
| #define HAVE_LRINT 1
| #define HAVE_FSEEKO 1
| /* end confdefs.h.  */
| #include <opencore-amrwb/dec_if.h>
configure:14969: result: no
configure:14969: checking for opencore-amrwb/dec_if.h
configure:14969: result: no
configure:15019: checking amrwb/dec.h usability
configure:15019: gcc -c -g -O2 -fstack-protector -Wall -W -Wmissing-prototypes -Wstrict-prototypes -pedantic   conftest.c >&5
conftest.c:77:10: fatal error: 'amrwb/dec.h' file not found
   77 | #include <amrwb/dec.h>
      |          ^~~~~~~~~~~~~
1 error generated.
configure:15019: $? = 1
configure: failed program was:
| /* confdefs.h */
| #define PACKAGE_NAME "SoX"
| #define PACKAGE_TARNAME "sox"
| #define PACKAGE_VERSION "14.4.2"
| #define PACKAGE_STRING "SoX 14.4.2"
| #define PACKAGE_BUGREPORT "sox-devel@lists.sourceforge.net"
| #define PACKAGE_URL ""
| #define PACKAGE "sox"
| #define VERSION "14.4.2"
| #define STDC_HEADERS 1
| #define HAVE_SYS_TYPES_H 1
| #define HAVE_SYS_STAT_H 1
| #define HAVE_STDLIB_H 1
| #define HAVE_STRING_H 1
| #define HAVE_MEMORY_H 1
| #define HAVE_STRINGS_H 1
| #define HAVE_INTTYPES_H 1
| #define HAVE_STDINT_H 1
| #define HAVE_UNISTD_H 1
| #define HAVE_DLFCN_H 1
| #define LT_OBJDIR ".libs/"
| #define ENABLE_SSP_CC 1
| #define STDC_HEADERS 1
| #define HAVE_FCNTL_H 1
| #define HAVE_UNISTD_H 1
| #define HAVE_SYS_STAT_H 1
| #define HAVE_SYS_TIME_H 1
| #define HAVE_SYS_TIMEB_H 1
| #define HAVE_SYS_TYPES_H 1
| #define HAVE_SYS_UTSNAME_H 1
| #define HAVE_TERMIOS_H 1
| #define HAVE_GLOB_H 1
| #define HAVE_FENV_H 1
| #define HAVE_STRCASECMP 1
| #define HAVE_STRDUP 1
| #define HAVE_POPEN 1
| #define HAVE_VSNPRINTF 1
| #define HAVE_GETTIMEOFDAY 1
| #define HAVE_MKSTEMP 1
| #define HAVE_FMEMOPEN 1
| #define HAVE_LRINT 1
| #define HAVE_FSEEKO 1
| /* end confdefs.h.  */
| #include <stdio.h>
| #ifdef HAVE_SYS_TYPES_H
| # include <sys/types.h>
| #endif
| #ifdef HAVE_SYS_STAT_H
| # include <sys/stat.h>
| #endif
| #ifdef STDC_HEADERS
| # include <stdlib.h>
| # include <stddef.h>
| #else
| # ifdef HAVE_STDLIB_H
| #  include <stdlib.h>
| # endif
| #endif
| #ifdef HAVE_STRING_H
| # if !defined STDC_HEADERS && defined HAVE_MEMORY_H
| #  include <memory.h>
| # endif
| # include <string.h>
| #endif
| #ifdef HAVE_STRINGS_H
| # include <strings.h>
| #endif
| #ifdef HAVE_INTTYPES_H
| # include <inttypes.h>
| #endif
| #ifdef HAVE_STDINT_H
| # include <stdint.h>
| #endif
| #ifdef HAVE_UNISTD_H
| # include <unistd.h>
| #endif
| #include <amrwb/dec.h>
configure:15019: result: no
configure:15019: checking amrwb/dec.h presence
configure:15019: gcc -E  conftest.c
conftest.c:44:10: fatal error: 'amrwb/dec.h' file not found
   44 | #include <amrwb/dec.h>
      |          ^~~~~~~~~~~~~
1 error generated.
configure:15019: $? = 1
configure: failed program was:
| /* confdefs.h */
| #define PACKAGE_NAME "SoX"
| #define PACKAGE_TARNAME "sox"
| #define PACKAGE_VERSION "14.4.2"
| #define PACKAGE_STRING "SoX 14.4.2"
| #define PACKAGE_BUGREPORT "sox-devel@lists.sourceforge.net"
| #define PACKAGE_URL ""
| #define PACKAGE "sox"
| #define VERSION "14.4.2"
| #define STDC_HEADERS 1
| #define HAVE_SYS_TYPES_H 1
| #define HAVE_SYS_STAT_H 1
| #define HAVE_STDLIB_H 1
| #define HAVE_STRING_H 1
| #define HAVE_MEMORY_H 1
| #define HAVE_STRINGS_H 1
| #define HAVE_INTTYPES_H 1
| #define HAVE_STDINT_H 1
| #define HAVE_UNISTD_H 1
| #define HAVE_DLFCN_H 1
| #define LT_OBJDIR ".libs/"
| #define ENABLE_SSP_CC 1
| #define STDC_HEADERS 1
| #define HAVE_FCNTL_H 1
| #define HAVE_UNISTD_H 1
| #define HAVE_SYS_STAT_H 1
| #define HAVE_SYS_TIME_H 1
| #define HAVE_SYS_TIMEB_H 1
| #define HAVE_SYS_TYPES_H 1
| #define HAVE_SYS_UTSNAME_H 1
| #define HAVE_TERMIOS_H 1
| #define HAVE_GLOB_H 1
| #define HAVE_FENV_H 1
| #define HAVE_STRCASECMP 1
| #define HAVE_STRDUP 1
| #define HAVE_POPEN 1
| #define HAVE_VSNPRINTF 1
| #define HAVE_GETTIMEOFDAY 1
| #define HAVE_MKSTEMP 1
| #define HAVE_FMEMOPEN 1
| #define HAVE_LRINT 1
| #define HAVE_FSEEKO 1
| /* end confdefs.h.  */
| #include <amrwb/dec.h>
configure:15019: result: no
configure:15019: checking for amrwb/dec.h
configure:15019: result: no
configure:15157: checking opencore-amrnb/interf_dec.h usability
configure:15157: gcc -c -g -O2 -fstack-protector -Wall -W -Wmissing-prototypes -Wstrict-prototypes -pedantic   conftest.c >&5
conftest.c:77:10: fatal error: 'opencore-amrnb/interf_dec.h' file not found
   77 | #include <opencore-amrnb/interf_dec.h>
      |          ^~~~~~~~~~~~~~~~~~~~~~~~~~~~~
1 error generated.
configure:15157: $? = 1
configure: failed program was:
| /* confdefs.h */
| #define PACKAGE_NAME "SoX"
| #define PACKAGE_TARNAME "sox"
| #define PACKAGE_VERSION "14.4.2"
| #define PACKAGE_STRING "SoX 14.4.2"
| #define PACKAGE_BUGREPORT "sox-devel@lists.sourceforge.net"
| #define PACKAGE_URL ""
| #define PACKAGE "sox"
| #define VERSION "14.4.2"
| #define STDC_HEADERS 1
| #define HAVE_SYS_TYPES_H 1
| #define HAVE_SYS_STAT_H 1
| #define HAVE_STDLIB_H 1
| #define HAVE_STRING_H 1
| #define HAVE_MEMORY_H 1
| #define HAVE_STRINGS_H 1
| #define HAVE_INTTYPES_H 1
| #define HAVE_STDINT_H 1
| #define HAVE_UNISTD_H 1
| #define HAVE_DLFCN_H 1
| #define LT_OBJDIR ".libs/"
| #define ENABLE_SSP_CC 1
| #define STDC_HEADERS 1
| #define HAVE_FCNTL_H 1
| #define HAVE_UNISTD_H 1
| #define HAVE_SYS_STAT_H 1
| #define HAVE_SYS_TIME_H 1
| #define HAVE_SYS_TIMEB_H 1
| #define HAVE_SYS_TYPES_H 1
| #define HAVE_SYS_UTSNAME_H 1
| #define HAVE_TERMIOS_H 1
| #define HAVE_GLOB_H 1
| #define HAVE_FENV_H 1
| #define HAVE_STRCASECMP 1
| #define HAVE_STRDUP 1
| #define HAVE_POPEN 1
| #define HAVE_VSNPRINTF 1
| #define HAVE_GETTIMEOFDAY 1
| #define HAVE_MKSTEMP 1
| #define HAVE_FMEMOPEN 1
| #define HAVE_LRINT 1
| #define HAVE_FSEEKO 1
| /* end confdefs.h.  */
| #include <stdio.h>
| #ifdef HAVE_SYS_TYPES_H
| # include <sys/types.h>
| #endif
| #ifdef HAVE_SYS_STAT_H
| # include <sys/stat.h>
| #endif
| #ifdef STDC_HEADERS
| # include <stdlib.h>
| # include <stddef.h>
| #else
| # ifdef HAVE_STDLIB_H
| #  include <stdlib.h>
| # endif
| #endif
| #ifdef HAVE_STRING_H
| # if !defined STDC_HEADERS && defined HAVE_MEMORY_H
| #  include <memory.h>
| # endif
| # include <string.h>
| #endif
| #ifdef HAVE_STRINGS_H
| # include <strings.h>
| #endif
| #ifdef HAVE_INTTYPES_H
| # include <inttypes.h>
| #endif
| #ifdef HAVE_STDINT_H
| # include <stdint.h>
| #endif
| #ifdef HAVE_UNISTD_H
| # include <unistd.h>
| #endif
| #include <opencore-amrnb/interf_dec.h>
configure:15157: result: no
configure:15157: checking opencore-amrnb/interf_dec.h presence
configure:15157: gcc -E  conftest.c
conftest.c:44:10: fatal error: 'opencore-amrnb/interf_dec.h' file not found
   44 | #include <opencore-amrnb/interf_dec.h>
      |          ^~~~~~~~~~~~~~~~~~~~~~~~~~~~~
1 error generated.
configure:15157: $? = 1
configure: failed program was:
| /* confdefs.h */
| #define PACKAGE_NAME "SoX"
| #define PACKAGE_TARNAME "sox"
| #define PACKAGE_VERSION "14.4.2"
| #define PACKAGE_STRING "SoX 14.4.2"
| #define PACKAGE_BUGREPORT "sox-devel@lists.sourceforge.net"
| #define PACKAGE_URL ""
| #define PACKAGE "sox"
| #define VERSION "14.4.2"
| #define STDC_HEADERS 1
| #define HAVE_SYS_TYPES_H 1
| #define HAVE_SYS_STAT_H 1
| #define HAVE_STDLIB_H 1
| #define HAVE_STRING_H 1
| #define HAVE_MEMORY_H 1
| #define HAVE_STRINGS_H 1
| #define HAVE_INTTYPES_H 1
| #define HAVE_STDINT_H 1
| #define HAVE_UNISTD_H 1
| #define HAVE_DLFCN_H 1
| #define LT_OBJDIR ".libs/"
| #define ENABLE_SSP_CC 1
| #define STDC_HEADERS 1
| #define HAVE_FCNTL_H 1
| #define HAVE_UNISTD_H 1
| #define HAVE_SYS_STAT_H 1
| #define HAVE_SYS_TIME_H 1
| #define HAVE_SYS_TIMEB_H 1
| #define HAVE_SYS_TYPES_H 1
| #define HAVE_SYS_UTSNAME_H 1
| #define HAVE_TERMIOS_H 1
| #define HAVE_GLOB_H 1
| #define HAVE_FENV_H 1
| #define HAVE_STRCASECMP 1
| #define HAVE_STRDUP 1
| #define HAVE_POPEN 1
| #define HAVE_VSNPRINTF 1
| #define HAVE_GETTIMEOFDAY 1
| #define HAVE_MKSTEMP 1
| #define HAVE_FMEMOPEN 1
| #define HAVE_LRINT 1
| #define HAVE_FSEEKO 1
| /* end confdefs.h.  */
| #include <opencore-amrnb/interf_dec.h>
configure:15157: result: no
configure:15157: checking for opencore-amrnb/interf_dec.h
configure:15157: result: no
configure:15205: checking amrnb/sp_dec.h usability
configure:15205: gcc -c -g -O2 -fstack-protector -Wall -W -Wmissing-prototypes -Wstrict-prototypes -pedantic   conftest.c >&5
conftest.c:77:10: fatal error: 'amrnb/sp_dec.h' file not found
   77 | #include <amrnb/sp_dec.h>
      |          ^~~~~~~~~~~~~~~~
1 error generated.
configure:15205: $? = 1
configure: failed program was:
| /* confdefs.h */
| #define PACKAGE_NAME "SoX"
| #define PACKAGE_TARNAME "sox"
| #define PACKAGE_VERSION "14.4.2"
| #define PACKAGE_STRING "SoX 14.4.2"
| #define PACKAGE_BUGREPORT "sox-devel@lists.sourceforge.net"
| #define PACKAGE_URL ""
| #define PACKAGE "sox"
| #define VERSION "14.4.2"
| #define STDC_HEADERS 1
| #define HAVE_SYS_TYPES_H 1
| #define HAVE_SYS_STAT_H 1
| #define HAVE_STDLIB_H 1
| #define HAVE_STRING_H 1
| #define HAVE_MEMORY_H 1
| #define HAVE_STRINGS_H 1
| #define HAVE_INTTYPES_H 1
| #define HAVE_STDINT_H 1
| #define HAVE_UNISTD_H 1
| #define HAVE_DLFCN_H 1
| #define LT_OBJDIR ".libs/"
| #define ENABLE_SSP_CC 1
| #define STDC_HEADERS 1
| #define HAVE_FCNTL_H 1
| #define HAVE_UNISTD_H 1
| #define HAVE_SYS_STAT_H 1
| #define HAVE_SYS_TIME_H 1
| #define HAVE_SYS_TIMEB_H 1
| #define HAVE_SYS_TYPES_H 1
| #define HAVE_SYS_UTSNAME_H 1
| #define HAVE_TERMIOS_H 1
| #define HAVE_GLOB_H 1
| #define HAVE_FENV_H 1
| #define HAVE_STRCASECMP 1
| #define HAVE_STRDUP 1
| #define HAVE_POPEN 1
| #define HAVE_VSNPRINTF 1
| #define HAVE_GETTIMEOFDAY 1
| #define HAVE_MKSTEMP 1
| #define HAVE_FMEMOPEN 1
| #define HAVE_LRINT 1
| #define HAVE_FSEEKO 1
| /* end confdefs.h.  */
| #include <stdio.h>
| #ifdef HAVE_SYS_TYPES_H
| # include <sys/types.h>
| #endif
| #ifdef HAVE_SYS_STAT_H
| # include <sys/stat.h>
| #endif
| #ifdef STDC_HEADERS
| # include <stdlib.h>
| # include <stddef.h>
| #else
| # ifdef HAVE_STDLIB_H
| #  include <stdlib.h>
| # endif
| #endif
| #ifdef HAVE_STRING_H
| # if !defined STDC_HEADERS && defined HAVE_MEMORY_H
| #  include <memory.h>
| # endif
| # include <string.h>
| #endif
| #ifdef HAVE_STRINGS_H
| # include <strings.h>
| #endif
| #ifdef HAVE_INTTYPES_H
| # include <inttypes.h>
| #endif
| #ifdef HAVE_STDINT_H
| # include <stdint.h>
| #endif
| #ifdef HAVE_UNISTD_H
| # include <unistd.h>
| #endif
| #include <amrnb/sp_dec.h>
configure:15205: result: no
configure:15205: checking amrnb/sp_dec.h presence
configure:15205: gcc -E  conftest.c
conftest.c:44:10: fatal error: 'amrnb/sp_dec.h' file not found
   44 | #include <amrnb/sp_dec.h>
      |          ^~~~~~~~~~~~~~~~
1 error generated.
configure:15205: $? = 1
configure: failed program was:
| /* confdefs.h */
| #define PACKAGE_NAME "SoX"
| #define PACKAGE_TARNAME "sox"
| #define PACKAGE_VERSION "14.4.2"
| #define PACKAGE_STRING "SoX 14.4.2"
| #define PACKAGE_BUGREPORT "sox-devel@lists.sourceforge.net"
| #define PACKAGE_URL ""
| #define PACKAGE "sox"
| #define VERSION "14.4.2"
| #define STDC_HEADERS 1
| #define HAVE_SYS_TYPES_H 1
| #define HAVE_SYS_STAT_H 1
| #define HAVE_STDLIB_H 1
| #define HAVE_STRING_H 1
| #define HAVE_MEMORY_H 1
| #define HAVE_STRINGS_H 1
| #define HAVE_INTTYPES_H 1
| #define HAVE_STDINT_H 1
| #define HAVE_UNISTD_H 1
| #define HAVE_DLFCN_H 1
| #define LT_OBJDIR ".libs/"
| #define ENABLE_SSP_CC 1
| #define STDC_HEADERS 1
| #define HAVE_FCNTL_H 1
| #define HAVE_UNISTD_H 1
| #define HAVE_SYS_STAT_H 1
| #define HAVE_SYS_TIME_H 1
| #define HAVE_SYS_TIMEB_H 1
| #define HAVE_SYS_TYPES_H 1
| #define HAVE_SYS_UTSNAME_H 1
| #define HAVE_TERMIOS_H 1
| #define HAVE_GLOB_H 1
| #define HAVE_FENV_H 1
| #define HAVE_STRCASECMP 1
| #define HAVE_STRDUP 1
| #define HAVE_POPEN 1
| #define HAVE_VSNPRINTF 1
| #define HAVE_GETTIMEOFDAY 1
| #define HAVE_MKSTEMP 1
| #define HAVE_FMEMOPEN 1
| #define HAVE_LRINT 1
| #define HAVE_FSEEKO 1
| /* end confdefs.h.  */
| #include <amrnb/sp_dec.h>
configure:15205: result: no
configure:15205: checking for amrnb/sp_dec.h
configure:15205: result: no
configure:15359: checking wavpack/wavpack.h usability
configure:15359: gcc -c -g -O2 -fstack-protector -Wall -W -Wmissing-prototypes -Wstrict-prototypes -pedantic   conftest.c >&5
conftest.c:77:10: fatal error: 'wavpack/wavpack.h' file not found
   77 | #include <wavpack/wavpack.h>
      |          ^~~~~~~~~~~~~~~~~~~
1 error generated.
configure:15359: $? = 1
configure: failed program was:
| /* confdefs.h */
| #define PACKAGE_NAME "SoX"
| #define PACKAGE_TARNAME "sox"
| #define PACKAGE_VERSION "14.4.2"
| #define PACKAGE_STRING "SoX 14.4.2"
| #define PACKAGE_BUGREPORT "sox-devel@lists.sourceforge.net"
| #define PACKAGE_URL ""
| #define PACKAGE "sox"
| #define VERSION "14.4.2"
| #define STDC_HEADERS 1
| #define HAVE_SYS_TYPES_H 1
| #define HAVE_SYS_STAT_H 1
| #define HAVE_STDLIB_H 1
| #define HAVE_STRING_H 1
| #define HAVE_MEMORY_H 1
| #define HAVE_STRINGS_H 1
| #define HAVE_INTTYPES_H 1
| #define HAVE_STDINT_H 1
| #define HAVE_UNISTD_H 1
| #define HAVE_DLFCN_H 1
| #define LT_OBJDIR ".libs/"
| #define ENABLE_SSP_CC 1
| #define STDC_HEADERS 1
| #define HAVE_FCNTL_H 1
| #define HAVE_UNISTD_H 1
| #define HAVE_SYS_STAT_H 1
| #define HAVE_SYS_TIME_H 1
| #define HAVE_SYS_TIMEB_H 1
| #define HAVE_SYS_TYPES_H 1
| #define HAVE_SYS_UTSNAME_H 1
| #define HAVE_TERMIOS_H 1
| #define HAVE_GLOB_H 1
| #define HAVE_FENV_H 1
| #define HAVE_STRCASECMP 1
| #define HAVE_STRDUP 1
| #define HAVE_POPEN 1
| #define HAVE_VSNPRINTF 1
| #define HAVE_GETTIMEOFDAY 1
| #define HAVE_MKSTEMP 1
| #define HAVE_FMEMOPEN 1
| #define HAVE_LRINT 1
| #define HAVE_FSEEKO 1
| /* end confdefs.h.  */
| #include <stdio.h>
| #ifdef HAVE_SYS_TYPES_H
| # include <sys/types.h>
| #endif
| #ifdef HAVE_SYS_STAT_H
| # include <sys/stat.h>
| #endif
| #ifdef STDC_HEADERS
| # include <stdlib.h>
| # include <stddef.h>
| #else
| # ifdef HAVE_STDLIB_H
| #  include <stdlib.h>
| # endif
| #endif
| #ifdef HAVE_STRING_H
| # if !defined STDC_HEADERS && defined HAVE_MEMORY_H
| #  include <memory.h>
| # endif
| # include <string.h>
| #endif
| #ifdef HAVE_STRINGS_H
| # include <strings.h>
| #endif
| #ifdef HAVE_INTTYPES_H
| # include <inttypes.h>
| #endif
| #ifdef HAVE_STDINT_H
| # include <stdint.h>
| #endif
| #ifdef HAVE_UNISTD_H
| # include <unistd.h>
| #endif
| #include <wavpack/wavpack.h>
configure:15359: result: no
configure:15359: checking wavpack/wavpack.h presence
configure:15359: gcc -E  conftest.c
conftest.c:44:10: fatal error: 'wavpack/wavpack.h' file not found
   44 | #include <wavpack/wavpack.h>
      |          ^~~~~~~~~~~~~~~~~~~
1 error generated.
configure:15359: $? = 1
configure: failed program was:
| /* confdefs.h */
| #define PACKAGE_NAME "SoX"
| #define PACKAGE_TARNAME "sox"
| #define PACKAGE_VERSION "14.4.2"
| #define PACKAGE_STRING "SoX 14.4.2"
| #define PACKAGE_BUGREPORT "sox-devel@lists.sourceforge.net"
| #define PACKAGE_URL ""
| #define PACKAGE "sox"
| #define VERSION "14.4.2"
| #define STDC_HEADERS 1
| #define HAVE_SYS_TYPES_H 1
| #define HAVE_SYS_STAT_H 1
| #define HAVE_STDLIB_H 1
| #define HAVE_STRING_H 1
| #define HAVE_MEMORY_H 1
| #define HAVE_STRINGS_H 1
| #define HAVE_INTTYPES_H 1
| #define HAVE_STDINT_H 1
| #define HAVE_UNISTD_H 1
| #define HAVE_DLFCN_H 1
| #define LT_OBJDIR ".libs/"
| #define ENABLE_SSP_CC 1
| #define STDC_HEADERS 1
| #define HAVE_FCNTL_H 1
| #define HAVE_UNISTD_H 1
| #define HAVE_SYS_STAT_H 1
| #define HAVE_SYS_TIME_H 1
| #define HAVE_SYS_TIMEB_H 1
| #define HAVE_SYS_TYPES_H 1
| #define HAVE_SYS_UTSNAME_H 1
| #define HAVE_TERMIOS_H 1
| #define HAVE_GLOB_H 1
| #define HAVE_FENV_H 1
| #define HAVE_STRCASECMP 1
| #define HAVE_STRDUP 1
| #define HAVE_POPEN 1
| #define HAVE_VSNPRINTF 1
| #define HAVE_GETTIMEOFDAY 1
| #define HAVE_MKSTEMP 1
| #define HAVE_FMEMOPEN 1
| #define HAVE_LRINT 1
| #define HAVE_FSEEKO 1
| /* end confdefs.h.  */
| #include <wavpack/wavpack.h>
configure:15359: result: no
configure:15359: checking for wavpack/wavpack.h
configure:15359: result: no
configure:15470: checking sndio.h usability
configure:15470: gcc -c -g -O2 -fstack-protector -Wall -W -Wmissing-prototypes -Wstrict-prototypes -pedantic   conftest.c >&5
conftest.c:77:10: fatal error: 'sndio.h' file not found
   77 | #include <sndio.h>
      |          ^~~~~~~~~
1 error generated.
configure:15470: $? = 1
configure: failed program was:
| /* confdefs.h */
| #define PACKAGE_NAME "SoX"
| #define PACKAGE_TARNAME "sox"
| #define PACKAGE_VERSION "14.4.2"
| #define PACKAGE_STRING "SoX 14.4.2"
| #define PACKAGE_BUGREPORT "sox-devel@lists.sourceforge.net"
| #define PACKAGE_URL ""
| #define PACKAGE "sox"
| #define VERSION "14.4.2"
| #define STDC_HEADERS 1
| #define HAVE_SYS_TYPES_H 1
| #define HAVE_SYS_STAT_H 1
| #define HAVE_STDLIB_H 1
| #define HAVE_STRING_H 1
| #define HAVE_MEMORY_H 1
| #define HAVE_STRINGS_H 1
| #define HAVE_INTTYPES_H 1
| #define HAVE_STDINT_H 1
| #define HAVE_UNISTD_H 1
| #define HAVE_DLFCN_H 1
| #define LT_OBJDIR ".libs/"
| #define ENABLE_SSP_CC 1
| #define STDC_HEADERS 1
| #define HAVE_FCNTL_H 1
| #define HAVE_UNISTD_H 1
| #define HAVE_SYS_STAT_H 1
| #define HAVE_SYS_TIME_H 1
| #define HAVE_SYS_TIMEB_H 1
| #define HAVE_SYS_TYPES_H 1
| #define HAVE_SYS_UTSNAME_H 1
| #define HAVE_TERMIOS_H 1
| #define HAVE_GLOB_H 1
| #define HAVE_FENV_H 1
| #define HAVE_STRCASECMP 1
| #define HAVE_STRDUP 1
| #define HAVE_POPEN 1
| #define HAVE_VSNPRINTF 1
| #define HAVE_GETTIMEOFDAY 1
| #define HAVE_MKSTEMP 1
| #define HAVE_FMEMOPEN 1
| #define HAVE_LRINT 1
| #define HAVE_FSEEKO 1
| /* end confdefs.h.  */
| #include <stdio.h>
| #ifdef HAVE_SYS_TYPES_H
| # include <sys/types.h>
| #endif
| #ifdef HAVE_SYS_STAT_H
| # include <sys/stat.h>
| #endif
| #ifdef STDC_HEADERS
| # include <stdlib.h>
| # include <stddef.h>
| #else
| # ifdef HAVE_STDLIB_H
| #  include <stdlib.h>
| # endif
| #endif
| #ifdef HAVE_STRING_H
| # if !defined STDC_HEADERS && defined HAVE_MEMORY_H
| #  include <memory.h>
| # endif
| # include <string.h>
| #endif
| #ifdef HAVE_STRINGS_H
| # include <strings.h>
| #endif
| #ifdef HAVE_INTTYPES_H
| # include <inttypes.h>
| #endif
| #ifdef HAVE_STDINT_H
| # include <stdint.h>
| #endif
| #ifdef HAVE_UNISTD_H
| # include <unistd.h>
| #endif
| #include <sndio.h>
configure:15470: result: no
configure:15470: checking sndio.h presence
configure:15470: gcc -E  conftest.c
conftest.c:44:10: fatal error: 'sndio.h' file not found
   44 | #include <sndio.h>
      |          ^~~~~~~~~
1 error generated.
configure:15470: $? = 1
configure: failed program was:
| /* confdefs.h */
| #define PACKAGE_NAME "SoX"
| #define PACKAGE_TARNAME "sox"
| #define PACKAGE_VERSION "14.4.2"
| #define PACKAGE_STRING "SoX 14.4.2"
| #define PACKAGE_BUGREPORT "sox-devel@lists.sourceforge.net"
| #define PACKAGE_URL ""
| #define PACKAGE "sox"
| #define VERSION "14.4.2"
| #define STDC_HEADERS 1
| #define HAVE_SYS_TYPES_H 1
| #define HAVE_SYS_STAT_H 1
| #define HAVE_STDLIB_H 1
| #define HAVE_STRING_H 1
| #define HAVE_MEMORY_H 1
| #define HAVE_STRINGS_H 1
| #define HAVE_INTTYPES_H 1
| #define HAVE_STDINT_H 1
| #define HAVE_UNISTD_H 1
| #define HAVE_DLFCN_H 1
| #define LT_OBJDIR ".libs/"
| #define ENABLE_SSP_CC 1
| #define STDC_HEADERS 1
| #define HAVE_FCNTL_H 1
| #define HAVE_UNISTD_H 1
| #define HAVE_SYS_STAT_H 1
| #define HAVE_SYS_TIME_H 1
| #define HAVE_SYS_TIMEB_H 1
| #define HAVE_SYS_TYPES_H 1
| #define HAVE_SYS_UTSNAME_H 1
| #define HAVE_TERMIOS_H 1
| #define HAVE_GLOB_H 1
| #define HAVE_FENV_H 1
| #define HAVE_STRCASECMP 1
| #define HAVE_STRDUP 1
| #define HAVE_POPEN 1
| #define HAVE_VSNPRINTF 1
| #define HAVE_GETTIMEOFDAY 1
| #define HAVE_MKSTEMP 1
| #define HAVE_FMEMOPEN 1
| #define HAVE_LRINT 1
| #define HAVE_FSEEKO 1
| /* end confdefs.h.  */
| #include <sndio.h>
configure:15470: result: no
configure:15470: checking for sndio.h
configure:15470: result: no
configure:15581: checking CoreAudio/CoreAudio.h usability
configure:15581: gcc -c -g -O2 -fstack-protector -Wall -W -Wmissing-prototypes -Wstrict-prototypes -pedantic   conftest.c >&5
configure:15581: $? = 0
configure:15581: result: yes
configure:15581: checking CoreAudio/CoreAudio.h presence
configure:15581: gcc -E  conftest.c
configure:15581: $? = 0
configure:15581: result: yes
configure:15581: checking for CoreAudio/CoreAudio.h
configure:15581: result: yes
configure:15651: checking alsa/asoundlib.h usability
configure:15651: gcc -c -g -O2 -fstack-protector -Wall -W -Wmissing-prototypes -Wstrict-prototypes -pedantic   conftest.c >&5
conftest.c:79:10: fatal error: 'alsa/asoundlib.h' file not found
   79 | #include <alsa/asoundlib.h>
      |          ^~~~~~~~~~~~~~~~~~
1 error generated.
configure:15651: $? = 1
configure: failed program was:
| /* confdefs.h */
| #define PACKAGE_NAME "SoX"
| #define PACKAGE_TARNAME "sox"
| #define PACKAGE_VERSION "14.4.2"
| #define PACKAGE_STRING "SoX 14.4.2"
| #define PACKAGE_BUGREPORT "sox-devel@lists.sourceforge.net"
| #define PACKAGE_URL ""
| #define PACKAGE "sox"
| #define VERSION "14.4.2"
| #define STDC_HEADERS 1
| #define HAVE_SYS_TYPES_H 1
| #define HAVE_SYS_STAT_H 1
| #define HAVE_STDLIB_H 1
| #define HAVE_STRING_H 1
| #define HAVE_MEMORY_H 1
| #define HAVE_STRINGS_H 1
| #define HAVE_INTTYPES_H 1
| #define HAVE_STDINT_H 1
| #define HAVE_UNISTD_H 1
| #define HAVE_DLFCN_H 1
| #define LT_OBJDIR ".libs/"
| #define ENABLE_SSP_CC 1
| #define STDC_HEADERS 1
| #define HAVE_FCNTL_H 1
| #define HAVE_UNISTD_H 1
| #define HAVE_SYS_STAT_H 1
| #define HAVE_SYS_TIME_H 1
| #define HAVE_SYS_TIMEB_H 1
| #define HAVE_SYS_TYPES_H 1
| #define HAVE_SYS_UTSNAME_H 1
| #define HAVE_TERMIOS_H 1
| #define HAVE_GLOB_H 1
| #define HAVE_FENV_H 1
| #define HAVE_STRCASECMP 1
| #define HAVE_STRDUP 1
| #define HAVE_POPEN 1
| #define HAVE_VSNPRINTF 1
| #define HAVE_GETTIMEOFDAY 1
| #define HAVE_MKSTEMP 1
| #define HAVE_FMEMOPEN 1
| #define HAVE_LRINT 1
| #define HAVE_FSEEKO 1
| #define HAVE_COREAUDIO 1
| #define STATIC_COREAUDIO 1
| /* end confdefs.h.  */
| #include <stdio.h>
| #ifdef HAVE_SYS_TYPES_H
| # include <sys/types.h>
| #endif
| #ifdef HAVE_SYS_STAT_H
| # include <sys/stat.h>
| #endif
| #ifdef STDC_HEADERS
| # include <stdlib.h>
| # include <stddef.h>
| #else
| # ifdef HAVE_STDLIB_H
| #  include <stdlib.h>
| # endif
| #endif
| #ifdef HAVE_STRING_H
| # if !defined STDC_HEADERS && defined HAVE_MEMORY_H
| #  include <memory.h>
| # endif
| # include <string.h>
| #endif
| #ifdef HAVE_STRINGS_H
| # include <strings.h>
| #endif
| #ifdef HAVE_INTTYPES_H
| # include <inttypes.h>
| #endif
| #ifdef HAVE_STDINT_H
| # include <stdint.h>
| #endif
| #ifdef HAVE_UNISTD_H
| # include <unistd.h>
| #endif
| #include <alsa/asoundlib.h>
configure:15651: result: no
configure:15651: checking alsa/asoundlib.h presence
configure:15651: gcc -E  conftest.c
conftest.c:46:10: fatal error: 'alsa/asoundlib.h' file not found
   46 | #include <alsa/asoundlib.h>
      |          ^~~~~~~~~~~~~~~~~~
1 error generated.
configure:15651: $? = 1
configure: failed program was:
| /* confdefs.h */
| #define PACKAGE_NAME "SoX"
| #define PACKAGE_TARNAME "sox"
| #define PACKAGE_VERSION "14.4.2"
| #define PACKAGE_STRING "SoX 14.4.2"
| #define PACKAGE_BUGREPORT "sox-devel@lists.sourceforge.net"
| #define PACKAGE_URL ""
| #define PACKAGE "sox"
| #define VERSION "14.4.2"
| #define STDC_HEADERS 1
| #define HAVE_SYS_TYPES_H 1
| #define HAVE_SYS_STAT_H 1
| #define HAVE_STDLIB_H 1
| #define HAVE_STRING_H 1
| #define HAVE_MEMORY_H 1
| #define HAVE_STRINGS_H 1
| #define HAVE_INTTYPES_H 1
| #define HAVE_STDINT_H 1
| #define HAVE_UNISTD_H 1
| #define HAVE_DLFCN_H 1
| #define LT_OBJDIR ".libs/"
| #define ENABLE_SSP_CC 1
| #define STDC_HEADERS 1
| #define HAVE_FCNTL_H 1
| #define HAVE_UNISTD_H 1
| #define HAVE_SYS_STAT_H 1
| #define HAVE_SYS_TIME_H 1
| #define HAVE_SYS_TIMEB_H 1
| #define HAVE_SYS_TYPES_H 1
| #define HAVE_SYS_UTSNAME_H 1
| #define HAVE_TERMIOS_H 1
| #define HAVE_GLOB_H 1
| #define HAVE_FENV_H 1
| #define HAVE_STRCASECMP 1
| #define HAVE_STRDUP 1
| #define HAVE_POPEN 1
| #define HAVE_VSNPRINTF 1
| #define HAVE_GETTIMEOFDAY 1
| #define HAVE_MKSTEMP 1
| #define HAVE_FMEMOPEN 1
| #define HAVE_LRINT 1
| #define HAVE_FSEEKO 1
| #define HAVE_COREAUDIO 1
| #define STATIC_COREAUDIO 1
| /* end confdefs.h.  */
| #include <alsa/asoundlib.h>
configure:15651: result: no
configure:15651: checking for alsa/asoundlib.h
configure:15651: result: no
configure:15762: checking ao/ao.h usability
configure:15762: gcc -c -g -O2 -fstack-protector -Wall -W -Wmissing-prototypes -Wstrict-prototypes -pedantic   conftest.c >&5
conftest.c:79:10: fatal error: 'ao/ao.h' file not found
   79 | #include <ao/ao.h>
      |          ^~~~~~~~~
1 error generated.
configure:15762: $? = 1
configure: failed program was:
| /* confdefs.h */
| #define PACKAGE_NAME "SoX"
| #define PACKAGE_TARNAME "sox"
| #define PACKAGE_VERSION "14.4.2"
| #define PACKAGE_STRING "SoX 14.4.2"
| #define PACKAGE_BUGREPORT "sox-devel@lists.sourceforge.net"
| #define PACKAGE_URL ""
| #define PACKAGE "sox"
| #define VERSION "14.4.2"
| #define STDC_HEADERS 1
| #define HAVE_SYS_TYPES_H 1
| #define HAVE_SYS_STAT_H 1
| #define HAVE_STDLIB_H 1
| #define HAVE_STRING_H 1
| #define HAVE_MEMORY_H 1
| #define HAVE_STRINGS_H 1
| #define HAVE_INTTYPES_H 1
| #define HAVE_STDINT_H 1
| #define HAVE_UNISTD_H 1
| #define HAVE_DLFCN_H 1
| #define LT_OBJDIR ".libs/"
| #define ENABLE_SSP_CC 1
| #define STDC_HEADERS 1
| #define HAVE_FCNTL_H 1
| #define HAVE_UNISTD_H 1
| #define HAVE_SYS_STAT_H 1
| #define HAVE_SYS_TIME_H 1
| #define HAVE_SYS_TIMEB_H 1
| #define HAVE_SYS_TYPES_H 1
| #define HAVE_SYS_UTSNAME_H 1
| #define HAVE_TERMIOS_H 1
| #define HAVE_GLOB_H 1
| #define HAVE_FENV_H 1
| #define HAVE_STRCASECMP 1
| #define HAVE_STRDUP 1
| #define HAVE_POPEN 1
| #define HAVE_VSNPRINTF 1
| #define HAVE_GETTIMEOFDAY 1
| #define HAVE_MKSTEMP 1
| #define HAVE_FMEMOPEN 1
| #define HAVE_LRINT 1
| #define HAVE_FSEEKO 1
| #define HAVE_COREAUDIO 1
| #define STATIC_COREAUDIO 1
| /* end confdefs.h.  */
| #include <stdio.h>
| #ifdef HAVE_SYS_TYPES_H
| # include <sys/types.h>
| #endif
| #ifdef HAVE_SYS_STAT_H
| # include <sys/stat.h>
| #endif
| #ifdef STDC_HEADERS
| # include <stdlib.h>
| # include <stddef.h>
| #else
| # ifdef HAVE_STDLIB_H
| #  include <stdlib.h>
| # endif
| #endif
| #ifdef HAVE_STRING_H
| # if !defined STDC_HEADERS && defined HAVE_MEMORY_H
| #  include <memory.h>
| # endif
| # include <string.h>
| #endif
| #ifdef HAVE_STRINGS_H
| # include <strings.h>
| #endif
| #ifdef HAVE_INTTYPES_H
| # include <inttypes.h>
| #endif
| #ifdef HAVE_STDINT_H
| # include <stdint.h>
| #endif
| #ifdef HAVE_UNISTD_H
| # include <unistd.h>
| #endif
| #include <ao/ao.h>
configure:15762: result: no
configure:15762: checking ao/ao.h presence
configure:15762: gcc -E  conftest.c
conftest.c:46:10: fatal error: 'ao/ao.h' file not found
   46 | #include <ao/ao.h>
      |          ^~~~~~~~~
1 error generated.
configure:15762: $? = 1
configure: failed program was:
| /* confdefs.h */
| #define PACKAGE_NAME "SoX"
| #define PACKAGE_TARNAME "sox"
| #define PACKAGE_VERSION "14.4.2"
| #define PACKAGE_STRING "SoX 14.4.2"
| #define PACKAGE_BUGREPORT "sox-devel@lists.sourceforge.net"
| #define PACKAGE_URL ""
| #define PACKAGE "sox"
| #define VERSION "14.4.2"
| #define STDC_HEADERS 1
| #define HAVE_SYS_TYPES_H 1
| #define HAVE_SYS_STAT_H 1
| #define HAVE_STDLIB_H 1
| #define HAVE_STRING_H 1
| #define HAVE_MEMORY_H 1
| #define HAVE_STRINGS_H 1
| #define HAVE_INTTYPES_H 1
| #define HAVE_STDINT_H 1
| #define HAVE_UNISTD_H 1
| #define HAVE_DLFCN_H 1
| #define LT_OBJDIR ".libs/"
| #define ENABLE_SSP_CC 1
| #define STDC_HEADERS 1
| #define HAVE_FCNTL_H 1
| #define HAVE_UNISTD_H 1
| #define HAVE_SYS_STAT_H 1
| #define HAVE_SYS_TIME_H 1
| #define HAVE_SYS_TIMEB_H 1
| #define HAVE_SYS_TYPES_H 1
| #define HAVE_SYS_UTSNAME_H 1
| #define HAVE_TERMIOS_H 1
| #define HAVE_GLOB_H 1
| #define HAVE_FENV_H 1
| #define HAVE_STRCASECMP 1
| #define HAVE_STRDUP 1
| #define HAVE_POPEN 1
| #define HAVE_VSNPRINTF 1
| #define HAVE_GETTIMEOFDAY 1
| #define HAVE_MKSTEMP 1
| #define HAVE_FMEMOPEN 1
| #define HAVE_LRINT 1
| #define HAVE_FSEEKO 1
| #define HAVE_COREAUDIO 1
| #define STATIC_COREAUDIO 1
| /* end confdefs.h.  */
| #include <ao/ao.h>
configure:15762: result: no
configure:15762: checking for ao/ao.h
configure:15762: result: no
configure:15873: checking pulse/simple.h usability
configure:15873: gcc -c -g -O2 -fstack-protector -Wall -W -Wmissing-prototypes -Wstrict-prototypes -pedantic   conftest.c >&5
conftest.c:79:10: fatal error: 'pulse/simple.h' file not found
   79 | #include <pulse/simple.h>
      |          ^~~~~~~~~~~~~~~~
1 error generated.
configure:15873: $? = 1
configure: failed program was:
| /* confdefs.h */
| #define PACKAGE_NAME "SoX"
| #define PACKAGE_TARNAME "sox"
| #define PACKAGE_VERSION "14.4.2"
| #define PACKAGE_STRING "SoX 14.4.2"
| #define PACKAGE_BUGREPORT "sox-devel@lists.sourceforge.net"
| #define PACKAGE_URL ""
| #define PACKAGE "sox"
| #define VERSION "14.4.2"
| #define STDC_HEADERS 1
| #define HAVE_SYS_TYPES_H 1
| #define HAVE_SYS_STAT_H 1
| #define HAVE_STDLIB_H 1
| #define HAVE_STRING_H 1
| #define HAVE_MEMORY_H 1
| #define HAVE_STRINGS_H 1
| #define HAVE_INTTYPES_H 1
| #define HAVE_STDINT_H 1
| #define HAVE_UNISTD_H 1
| #define HAVE_DLFCN_H 1
| #define LT_OBJDIR ".libs/"
| #define ENABLE_SSP_CC 1
| #define STDC_HEADERS 1
| #define HAVE_FCNTL_H 1
| #define HAVE_UNISTD_H 1
| #define HAVE_SYS_STAT_H 1
| #define HAVE_SYS_TIME_H 1
| #define HAVE_SYS_TIMEB_H 1
| #define HAVE_SYS_TYPES_H 1
| #define HAVE_SYS_UTSNAME_H 1
| #define HAVE_TERMIOS_H 1
| #define HAVE_GLOB_H 1
| #define HAVE_FENV_H 1
| #define HAVE_STRCASECMP 1
| #define HAVE_STRDUP 1
| #define HAVE_POPEN 1
| #define HAVE_VSNPRINTF 1
| #define HAVE_GETTIMEOFDAY 1
| #define HAVE_MKSTEMP 1
| #define HAVE_FMEMOPEN 1
| #define HAVE_LRINT 1
| #define HAVE_FSEEKO 1
| #define HAVE_COREAUDIO 1
| #define STATIC_COREAUDIO 1
| /* end confdefs.h.  */
| #include <stdio.h>
| #ifdef HAVE_SYS_TYPES_H
| # include <sys/types.h>
| #endif
| #ifdef HAVE_SYS_STAT_H
| # include <sys/stat.h>
| #endif
| #ifdef STDC_HEADERS
| # include <stdlib.h>
| # include <stddef.h>
| #else
| # ifdef HAVE_STDLIB_H
| #  include <stdlib.h>
| # endif
| #endif
| #ifdef HAVE_STRING_H
| # if !defined STDC_HEADERS && defined HAVE_MEMORY_H
| #  include <memory.h>
| # endif
| # include <string.h>
| #endif
| #ifdef HAVE_STRINGS_H
| # include <strings.h>
| #endif
| #ifdef HAVE_INTTYPES_H
| # include <inttypes.h>
| #endif
| #ifdef HAVE_STDINT_H
| # include <stdint.h>
| #endif
| #ifdef HAVE_UNISTD_H
| # include <unistd.h>
| #endif
| #include <pulse/simple.h>
configure:15873: result: no
configure:15873: checking pulse/simple.h presence
configure:15873: gcc -E  conftest.c
conftest.c:46:10: fatal error: 'pulse/simple.h' file not found
   46 | #include <pulse/simple.h>
      |          ^~~~~~~~~~~~~~~~
1 error generated.
configure:15873: $? = 1
configure: failed program was:
| /* confdefs.h */
| #define PACKAGE_NAME "SoX"
| #define PACKAGE_TARNAME "sox"
| #define PACKAGE_VERSION "14.4.2"
| #define PACKAGE_STRING "SoX 14.4.2"
| #define PACKAGE_BUGREPORT "sox-devel@lists.sourceforge.net"
| #define PACKAGE_URL ""
| #define PACKAGE "sox"
| #define VERSION "14.4.2"
| #define STDC_HEADERS 1
| #define HAVE_SYS_TYPES_H 1
| #define HAVE_SYS_STAT_H 1
| #define HAVE_STDLIB_H 1
| #define HAVE_STRING_H 1
| #define HAVE_MEMORY_H 1
| #define HAVE_STRINGS_H 1
| #define HAVE_INTTYPES_H 1
| #define HAVE_STDINT_H 1
| #define HAVE_UNISTD_H 1
| #define HAVE_DLFCN_H 1
| #define LT_OBJDIR ".libs/"
| #define ENABLE_SSP_CC 1
| #define STDC_HEADERS 1
| #define HAVE_FCNTL_H 1
| #define HAVE_UNISTD_H 1
| #define HAVE_SYS_STAT_H 1
| #define HAVE_SYS_TIME_H 1
| #define HAVE_SYS_TIMEB_H 1
| #define HAVE_SYS_TYPES_H 1
| #define HAVE_SYS_UTSNAME_H 1
| #define HAVE_TERMIOS_H 1
| #define HAVE_GLOB_H 1
| #define HAVE_FENV_H 1
| #define HAVE_STRCASECMP 1
| #define HAVE_STRDUP 1
| #define HAVE_POPEN 1
| #define HAVE_VSNPRINTF 1
| #define HAVE_GETTIMEOFDAY 1
| #define HAVE_MKSTEMP 1
| #define HAVE_FMEMOPEN 1
| #define HAVE_LRINT 1
| #define HAVE_FSEEKO 1
| #define HAVE_COREAUDIO 1
| #define STATIC_COREAUDIO 1
| /* end confdefs.h.  */
| #include <pulse/simple.h>
configure:15873: result: no
configure:15873: checking for pulse/simple.h
configure:15873: result: no
configure:15983: checking for mmsystem.h
configure:15983: gcc -c -g -O2 -fstack-protector -Wall -W -Wmissing-prototypes -Wstrict-prototypes -pedantic   conftest.c >&5
conftest.c:46:10: fatal error: 'windows.h' file not found
   46 | #include <windows.h>
      |          ^~~~~~~~~~~
1 error generated.
configure:15983: $? = 1
configure: failed program was:
| /* confdefs.h */
| #define PACKAGE_NAME "SoX"
| #define PACKAGE_TARNAME "sox"
| #define PACKAGE_VERSION "14.4.2"
| #define PACKAGE_STRING "SoX 14.4.2"
| #define PACKAGE_BUGREPORT "sox-devel@lists.sourceforge.net"
| #define PACKAGE_URL ""
| #define PACKAGE "sox"
| #define VERSION "14.4.2"
| #define STDC_HEADERS 1
| #define HAVE_SYS_TYPES_H 1
| #define HAVE_SYS_STAT_H 1
| #define HAVE_STDLIB_H 1
| #define HAVE_STRING_H 1
| #define HAVE_MEMORY_H 1
| #define HAVE_STRINGS_H 1
| #define HAVE_INTTYPES_H 1
| #define HAVE_STDINT_H 1
| #define HAVE_UNISTD_H 1
| #define HAVE_DLFCN_H 1
| #define LT_OBJDIR ".libs/"
| #define ENABLE_SSP_CC 1
| #define STDC_HEADERS 1
| #define HAVE_FCNTL_H 1
| #define HAVE_UNISTD_H 1
| #define HAVE_SYS_STAT_H 1
| #define HAVE_SYS_TIME_H 1
| #define HAVE_SYS_TIMEB_H 1
| #define HAVE_SYS_TYPES_H 1
| #define HAVE_SYS_UTSNAME_H 1
| #define HAVE_TERMIOS_H 1
| #define HAVE_GLOB_H 1
| #define HAVE_FENV_H 1
| #define HAVE_STRCASECMP 1
| #define HAVE_STRDUP 1
| #define HAVE_POPEN 1
| #define HAVE_VSNPRINTF 1
| #define HAVE_GETTIMEOFDAY 1
| #define HAVE_MKSTEMP 1
| #define HAVE_FMEMOPEN 1
| #define HAVE_LRINT 1
| #define HAVE_FSEEKO 1
| #define HAVE_COREAUDIO 1
| #define STATIC_COREAUDIO 1
| /* end confdefs.h.  */
| #include <windows.h>
| 
| #include <mmsystem.h>
configure:15983: result: no
configure:16034: checking for SNDFILE
configure:16041: $PKG_CONFIG --exists --print-errors "sndfile"
Package sndfile was not found in the pkg-config search path.
Perhaps you should add the directory containing `sndfile.pc'
to the PKG_CONFIG_PATH environment variable
Package 'sndfile' not found
configure:16044: $? = 1
configure:16058: $PKG_CONFIG --exists --print-errors "sndfile"
Package sndfile was not found in the pkg-config search path.
Perhaps you should add the directory containing `sndfile.pc'
to the PKG_CONFIG_PATH environment variable
Package 'sndfile' not found
configure:16061: $? = 1
configure:16075: result: no
Package 'sndfile' not found
configure:16123: checking sndfile.h usability
configure:16123: gcc -c -g -O2 -fstack-protector -Wall -W -Wmissing-prototypes -Wstrict-prototypes -pedantic    conftest.c >&5
conftest.c:79:10: fatal error: 'sndfile.h' file not found
   79 | #include <sndfile.h>
      |          ^~~~~~~~~~~
1 error generated.
configure:16123: $? = 1
configure: failed program was:
| /* confdefs.h */
| #define PACKAGE_NAME "SoX"
| #define PACKAGE_TARNAME "sox"
| #define PACKAGE_VERSION "14.4.2"
| #define PACKAGE_STRING "SoX 14.4.2"
| #define PACKAGE_BUGREPORT "sox-devel@lists.sourceforge.net"
| #define PACKAGE_URL ""
| #define PACKAGE "sox"
| #define VERSION "14.4.2"
| #define STDC_HEADERS 1
| #define HAVE_SYS_TYPES_H 1
| #define HAVE_SYS_STAT_H 1
| #define HAVE_STDLIB_H 1
| #define HAVE_STRING_H 1
| #define HAVE_MEMORY_H 1
| #define HAVE_STRINGS_H 1
| #define HAVE_INTTYPES_H 1
| #define HAVE_STDINT_H 1
| #define HAVE_UNISTD_H 1
| #define HAVE_DLFCN_H 1
| #define LT_OBJDIR ".libs/"
| #define ENABLE_SSP_CC 1
| #define STDC_HEADERS 1
| #define HAVE_FCNTL_H 1
| #define HAVE_UNISTD_H 1
| #define HAVE_SYS_STAT_H 1
| #define HAVE_SYS_TIME_H 1
| #define HAVE_SYS_TIMEB_H 1
| #define HAVE_SYS_TYPES_H 1
| #define HAVE_SYS_UTSNAME_H 1
| #define HAVE_TERMIOS_H 1
| #define HAVE_GLOB_H 1
| #define HAVE_FENV_H 1
| #define HAVE_STRCASECMP 1
| #define HAVE_STRDUP 1
| #define HAVE_POPEN 1
| #define HAVE_VSNPRINTF 1
| #define HAVE_GETTIMEOFDAY 1
| #define HAVE_MKSTEMP 1
| #define HAVE_FMEMOPEN 1
| #define HAVE_LRINT 1
| #define HAVE_FSEEKO 1
| #define HAVE_COREAUDIO 1
| #define STATIC_COREAUDIO 1
| /* end confdefs.h.  */
| #include <stdio.h>
| #ifdef HAVE_SYS_TYPES_H
| # include <sys/types.h>
| #endif
| #ifdef HAVE_SYS_STAT_H
| # include <sys/stat.h>
| #endif
| #ifdef STDC_HEADERS
| # include <stdlib.h>
| # include <stddef.h>
| #else
| # ifdef HAVE_STDLIB_H
| #  include <stdlib.h>
| # endif
| #endif
| #ifdef HAVE_STRING_H
| # if !defined STDC_HEADERS && defined HAVE_MEMORY_H
| #  include <memory.h>
| # endif
| # include <string.h>
| #endif
| #ifdef HAVE_STRINGS_H
| # include <strings.h>
| #endif
| #ifdef HAVE_INTTYPES_H
| # include <inttypes.h>
| #endif
| #ifdef HAVE_STDINT_H
| # include <stdint.h>
| #endif
| #ifdef HAVE_UNISTD_H
| # include <unistd.h>
| #endif
| #include <sndfile.h>
configure:16123: result: no
configure:16123: checking sndfile.h presence
configure:16123: gcc -E  conftest.c
conftest.c:46:10: fatal error: 'sndfile.h' file not found
   46 | #include <sndfile.h>
      |          ^~~~~~~~~~~
1 error generated.
configure:16123: $? = 1
configure: failed program was:
| /* confdefs.h */
| #define PACKAGE_NAME "SoX"
| #define PACKAGE_TARNAME "sox"
| #define PACKAGE_VERSION "14.4.2"
| #define PACKAGE_STRING "SoX 14.4.2"
| #define PACKAGE_BUGREPORT "sox-devel@lists.sourceforge.net"
| #define PACKAGE_URL ""
| #define PACKAGE "sox"
| #define VERSION "14.4.2"
| #define STDC_HEADERS 1
| #define HAVE_SYS_TYPES_H 1
| #define HAVE_SYS_STAT_H 1
| #define HAVE_STDLIB_H 1
| #define HAVE_STRING_H 1
| #define HAVE_MEMORY_H 1
| #define HAVE_STRINGS_H 1
| #define HAVE_INTTYPES_H 1
| #define HAVE_STDINT_H 1
| #define HAVE_UNISTD_H 1
| #define HAVE_DLFCN_H 1
| #define LT_OBJDIR ".libs/"
| #define ENABLE_SSP_CC 1
| #define STDC_HEADERS 1
| #define HAVE_FCNTL_H 1
| #define HAVE_UNISTD_H 1
| #define HAVE_SYS_STAT_H 1
| #define HAVE_SYS_TIME_H 1
| #define HAVE_SYS_TIMEB_H 1
| #define HAVE_SYS_TYPES_H 1
| #define HAVE_SYS_UTSNAME_H 1
| #define HAVE_TERMIOS_H 1
| #define HAVE_GLOB_H 1
| #define HAVE_FENV_H 1
| #define HAVE_STRCASECMP 1
| #define HAVE_STRDUP 1
| #define HAVE_POPEN 1
| #define HAVE_VSNPRINTF 1
| #define HAVE_GETTIMEOFDAY 1
| #define HAVE_MKSTEMP 1
| #define HAVE_FMEMOPEN 1
| #define HAVE_LRINT 1
| #define HAVE_FSEEKO 1
| #define HAVE_COREAUDIO 1
| #define STATIC_COREAUDIO 1
| /* end confdefs.h.  */
| #include <sndfile.h>
configure:16123: result: no
configure:16123: checking for sndfile.h
configure:16123: result: no
configure:16271: checking sys/soundcard.h usability
configure:16271: gcc -c -g -O2 -fstack-protector -Wall -W -Wmissing-prototypes -Wstrict-prototypes -pedantic   conftest.c >&5
conftest.c:79:10: fatal error: 'sys/soundcard.h' file not found
   79 | #include <sys/soundcard.h>
      |          ^~~~~~~~~~~~~~~~~
1 error generated.
configure:16271: $? = 1
configure: failed program was:
| /* confdefs.h */
| #define PACKAGE_NAME "SoX"
| #define PACKAGE_TARNAME "sox"
| #define PACKAGE_VERSION "14.4.2"
| #define PACKAGE_STRING "SoX 14.4.2"
| #define PACKAGE_BUGREPORT "sox-devel@lists.sourceforge.net"
| #define PACKAGE_URL ""
| #define PACKAGE "sox"
| #define VERSION "14.4.2"
| #define STDC_HEADERS 1
| #define HAVE_SYS_TYPES_H 1
| #define HAVE_SYS_STAT_H 1
| #define HAVE_STDLIB_H 1
| #define HAVE_STRING_H 1
| #define HAVE_MEMORY_H 1
| #define HAVE_STRINGS_H 1
| #define HAVE_INTTYPES_H 1
| #define HAVE_STDINT_H 1
| #define HAVE_UNISTD_H 1
| #define HAVE_DLFCN_H 1
| #define LT_OBJDIR ".libs/"
| #define ENABLE_SSP_CC 1
| #define STDC_HEADERS 1
| #define HAVE_FCNTL_H 1
| #define HAVE_UNISTD_H 1
| #define HAVE_SYS_STAT_H 1
| #define HAVE_SYS_TIME_H 1
| #define HAVE_SYS_TIMEB_H 1
| #define HAVE_SYS_TYPES_H 1
| #define HAVE_SYS_UTSNAME_H 1
| #define HAVE_TERMIOS_H 1
| #define HAVE_GLOB_H 1
| #define HAVE_FENV_H 1
| #define HAVE_STRCASECMP 1
| #define HAVE_STRDUP 1
| #define HAVE_POPEN 1
| #define HAVE_VSNPRINTF 1
| #define HAVE_GETTIMEOFDAY 1
| #define HAVE_MKSTEMP 1
| #define HAVE_FMEMOPEN 1
| #define HAVE_LRINT 1
| #define HAVE_FSEEKO 1
| #define HAVE_COREAUDIO 1
| #define STATIC_COREAUDIO 1
| /* end confdefs.h.  */
| #include <stdio.h>
| #ifdef HAVE_SYS_TYPES_H
| # include <sys/types.h>
| #endif
| #ifdef HAVE_SYS_STAT_H
| # include <sys/stat.h>
| #endif
| #ifdef STDC_HEADERS
| # include <stdlib.h>
| # include <stddef.h>
| #else
| # ifdef HAVE_STDLIB_H
| #  include <stdlib.h>
| # endif
| #endif
| #ifdef HAVE_STRING_H
| # if !defined STDC_HEADERS && defined HAVE_MEMORY_H
| #  include <memory.h>
| # endif
| # include <string.h>
| #endif
| #ifdef HAVE_STRINGS_H
| # include <strings.h>
| #endif
| #ifdef HAVE_INTTYPES_H
| # include <inttypes.h>
| #endif
| #ifdef HAVE_STDINT_H
| # include <stdint.h>
| #endif
| #ifdef HAVE_UNISTD_H
| # include <unistd.h>
| #endif
| #include <sys/soundcard.h>
configure:16271: result: no
configure:16271: checking sys/soundcard.h presence
configure:16271: gcc -E  conftest.c
conftest.c:46:10: fatal error: 'sys/soundcard.h' file not found
   46 | #include <sys/soundcard.h>
      |          ^~~~~~~~~~~~~~~~~
1 error generated.
configure:16271: $? = 1
configure: failed program was:
| /* confdefs.h */
| #define PACKAGE_NAME "SoX"
| #define PACKAGE_TARNAME "sox"
| #define PACKAGE_VERSION "14.4.2"
| #define PACKAGE_STRING "SoX 14.4.2"
| #define PACKAGE_BUGREPORT "sox-devel@lists.sourceforge.net"
| #define PACKAGE_URL ""
| #define PACKAGE "sox"
| #define VERSION "14.4.2"
| #define STDC_HEADERS 1
| #define HAVE_SYS_TYPES_H 1
| #define HAVE_SYS_STAT_H 1
| #define HAVE_STDLIB_H 1
| #define HAVE_STRING_H 1
| #define HAVE_MEMORY_H 1
| #define HAVE_STRINGS_H 1
| #define HAVE_INTTYPES_H 1
| #define HAVE_STDINT_H 1
| #define HAVE_UNISTD_H 1
| #define HAVE_DLFCN_H 1
| #define LT_OBJDIR ".libs/"
| #define ENABLE_SSP_CC 1
| #define STDC_HEADERS 1
| #define HAVE_FCNTL_H 1
| #define HAVE_UNISTD_H 1
| #define HAVE_SYS_STAT_H 1
| #define HAVE_SYS_TIME_H 1
| #define HAVE_SYS_TIMEB_H 1
| #define HAVE_SYS_TYPES_H 1
| #define HAVE_SYS_UTSNAME_H 1
| #define HAVE_TERMIOS_H 1
| #define HAVE_GLOB_H 1
| #define HAVE_FENV_H 1
| #define HAVE_STRCASECMP 1
| #define HAVE_STRDUP 1
| #define HAVE_POPEN 1
| #define HAVE_VSNPRINTF 1
| #define HAVE_GETTIMEOFDAY 1
| #define HAVE_MKSTEMP 1
| #define HAVE_FMEMOPEN 1
| #define HAVE_LRINT 1
| #define HAVE_FSEEKO 1
| #define HAVE_COREAUDIO 1
| #define STATIC_COREAUDIO 1
| /* end confdefs.h.  */
| #include <sys/soundcard.h>
configure:16271: result: no
configure:16271: checking for sys/soundcard.h
configure:16271: result: no
configure:16280: checking machine/soundcard.h usability
configure:16280: gcc -c -g -O2 -fstack-protector -Wall -W -Wmissing-prototypes -Wstrict-prototypes -pedantic   conftest.c >&5
conftest.c:79:10: fatal error: 'machine/soundcard.h' file not found
   79 | #include <machine/soundcard.h>
      |          ^~~~~~~~~~~~~~~~~~~~~
1 error generated.
configure:16280: $? = 1
configure: failed program was:
| /* confdefs.h */
| #define PACKAGE_NAME "SoX"
| #define PACKAGE_TARNAME "sox"
| #define PACKAGE_VERSION "14.4.2"
| #define PACKAGE_STRING "SoX 14.4.2"
| #define PACKAGE_BUGREPORT "sox-devel@lists.sourceforge.net"
| #define PACKAGE_URL ""
| #define PACKAGE "sox"
| #define VERSION "14.4.2"
| #define STDC_HEADERS 1
| #define HAVE_SYS_TYPES_H 1
| #define HAVE_SYS_STAT_H 1
| #define HAVE_STDLIB_H 1
| #define HAVE_STRING_H 1
| #define HAVE_MEMORY_H 1
| #define HAVE_STRINGS_H 1
| #define HAVE_INTTYPES_H 1
| #define HAVE_STDINT_H 1
| #define HAVE_UNISTD_H 1
| #define HAVE_DLFCN_H 1
| #define LT_OBJDIR ".libs/"
| #define ENABLE_SSP_CC 1
| #define STDC_HEADERS 1
| #define HAVE_FCNTL_H 1
| #define HAVE_UNISTD_H 1
| #define HAVE_SYS_STAT_H 1
| #define HAVE_SYS_TIME_H 1
| #define HAVE_SYS_TIMEB_H 1
| #define HAVE_SYS_TYPES_H 1
| #define HAVE_SYS_UTSNAME_H 1
| #define HAVE_TERMIOS_H 1
| #define HAVE_GLOB_H 1
| #define HAVE_FENV_H 1
| #define HAVE_STRCASECMP 1
| #define HAVE_STRDUP 1
| #define HAVE_POPEN 1
| #define HAVE_VSNPRINTF 1
| #define HAVE_GETTIMEOFDAY 1
| #define HAVE_MKSTEMP 1
| #define HAVE_FMEMOPEN 1
| #define HAVE_LRINT 1
| #define HAVE_FSEEKO 1
| #define HAVE_COREAUDIO 1
| #define STATIC_COREAUDIO 1
| /* end confdefs.h.  */
| #include <stdio.h>
| #ifdef HAVE_SYS_TYPES_H
| # include <sys/types.h>
| #endif
| #ifdef HAVE_SYS_STAT_H
| # include <sys/stat.h>
| #endif
| #ifdef STDC_HEADERS
| # include <stdlib.h>
| # include <stddef.h>
| #else
| # ifdef HAVE_STDLIB_H
| #  include <stdlib.h>
| # endif
| #endif
| #ifdef HAVE_STRING_H
| # if !defined STDC_HEADERS && defined HAVE_MEMORY_H
| #  include <memory.h>
| # endif
| # include <string.h>
| #endif
| #ifdef HAVE_STRINGS_H
| # include <strings.h>
| #endif
| #ifdef HAVE_INTTYPES_H
| # include <inttypes.h>
| #endif
| #ifdef HAVE_STDINT_H
| # include <stdint.h>
| #endif
| #ifdef HAVE_UNISTD_H
| # include <unistd.h>
| #endif
| #include <machine/soundcard.h>
configure:16280: result: no
configure:16280: checking machine/soundcard.h presence
configure:16280: gcc -E  conftest.c
conftest.c:46:10: fatal error: 'machine/soundcard.h' file not found
   46 | #include <machine/soundcard.h>
      |          ^~~~~~~~~~~~~~~~~~~~~
1 error generated.
configure:16280: $? = 1
configure: failed program was:
| /* confdefs.h */
| #define PACKAGE_NAME "SoX"
| #define PACKAGE_TARNAME "sox"
| #define PACKAGE_VERSION "14.4.2"
| #define PACKAGE_STRING "SoX 14.4.2"
| #define PACKAGE_BUGREPORT "sox-devel@lists.sourceforge.net"
| #define PACKAGE_URL ""
| #define PACKAGE "sox"
| #define VERSION "14.4.2"
| #define STDC_HEADERS 1
| #define HAVE_SYS_TYPES_H 1
| #define HAVE_SYS_STAT_H 1
| #define HAVE_STDLIB_H 1
| #define HAVE_STRING_H 1
| #define HAVE_MEMORY_H 1
| #define HAVE_STRINGS_H 1
| #define HAVE_INTTYPES_H 1
| #define HAVE_STDINT_H 1
| #define HAVE_UNISTD_H 1
| #define HAVE_DLFCN_H 1
| #define LT_OBJDIR ".libs/"
| #define ENABLE_SSP_CC 1
| #define STDC_HEADERS 1
| #define HAVE_FCNTL_H 1
| #define HAVE_UNISTD_H 1
| #define HAVE_SYS_STAT_H 1
| #define HAVE_SYS_TIME_H 1
| #define HAVE_SYS_TIMEB_H 1
| #define HAVE_SYS_TYPES_H 1
| #define HAVE_SYS_UTSNAME_H 1
| #define HAVE_TERMIOS_H 1
| #define HAVE_GLOB_H 1
| #define HAVE_FENV_H 1
| #define HAVE_STRCASECMP 1
| #define HAVE_STRDUP 1
| #define HAVE_POPEN 1
| #define HAVE_VSNPRINTF 1
| #define HAVE_GETTIMEOFDAY 1
| #define HAVE_MKSTEMP 1
| #define HAVE_FMEMOPEN 1
| #define HAVE_LRINT 1
| #define HAVE_FSEEKO 1
| #define HAVE_COREAUDIO 1
| #define STATIC_COREAUDIO 1
| /* end confdefs.h.  */
| #include <machine/soundcard.h>
configure:16280: result: no
configure:16280: checking for machine/soundcard.h
configure:16280: result: no
configure:16399: checking sys/audioio.h usability
configure:16399: gcc -c -g -O2 -fstack-protector -Wall -W -Wmissing-prototypes -Wstrict-prototypes -pedantic   conftest.c >&5
conftest.c:79:10: fatal error: 'sys/audioio.h' file not found
   79 | #include <sys/audioio.h>
      |          ^~~~~~~~~~~~~~~
1 error generated.
configure:16399: $? = 1
configure: failed program was:
| /* confdefs.h */
| #define PACKAGE_NAME "SoX"
| #define PACKAGE_TARNAME "sox"
| #define PACKAGE_VERSION "14.4.2"
| #define PACKAGE_STRING "SoX 14.4.2"
| #define PACKAGE_BUGREPORT "sox-devel@lists.sourceforge.net"
| #define PACKAGE_URL ""
| #define PACKAGE "sox"
| #define VERSION "14.4.2"
| #define STDC_HEADERS 1
| #define HAVE_SYS_TYPES_H 1
| #define HAVE_SYS_STAT_H 1
| #define HAVE_STDLIB_H 1
| #define HAVE_STRING_H 1
| #define HAVE_MEMORY_H 1
| #define HAVE_STRINGS_H 1
| #define HAVE_INTTYPES_H 1
| #define HAVE_STDINT_H 1
| #define HAVE_UNISTD_H 1
| #define HAVE_DLFCN_H 1
| #define LT_OBJDIR ".libs/"
| #define ENABLE_SSP_CC 1
| #define STDC_HEADERS 1
| #define HAVE_FCNTL_H 1
| #define HAVE_UNISTD_H 1
| #define HAVE_SYS_STAT_H 1
| #define HAVE_SYS_TIME_H 1
| #define HAVE_SYS_TIMEB_H 1
| #define HAVE_SYS_TYPES_H 1
| #define HAVE_SYS_UTSNAME_H 1
| #define HAVE_TERMIOS_H 1
| #define HAVE_GLOB_H 1
| #define HAVE_FENV_H 1
| #define HAVE_STRCASECMP 1
| #define HAVE_STRDUP 1
| #define HAVE_POPEN 1
| #define HAVE_VSNPRINTF 1
| #define HAVE_GETTIMEOFDAY 1
| #define HAVE_MKSTEMP 1
| #define HAVE_FMEMOPEN 1
| #define HAVE_LRINT 1
| #define HAVE_FSEEKO 1
| #define HAVE_COREAUDIO 1
| #define STATIC_COREAUDIO 1
| /* end confdefs.h.  */
| #include <stdio.h>
| #ifdef HAVE_SYS_TYPES_H
| # include <sys/types.h>
| #endif
| #ifdef HAVE_SYS_STAT_H
| # include <sys/stat.h>
| #endif
| #ifdef STDC_HEADERS
| # include <stdlib.h>
| # include <stddef.h>
| #else
| # ifdef HAVE_STDLIB_H
| #  include <stdlib.h>
| # endif
| #endif
| #ifdef HAVE_STRING_H
| # if !defined STDC_HEADERS && defined HAVE_MEMORY_H
| #  include <memory.h>
| # endif
| # include <string.h>
| #endif
| #ifdef HAVE_STRINGS_H
| # include <strings.h>
| #endif
| #ifdef HAVE_INTTYPES_H
| # include <inttypes.h>
| #endif
| #ifdef HAVE_STDINT_H
| # include <stdint.h>
| #endif
| #ifdef HAVE_UNISTD_H
| # include <unistd.h>
| #endif
| #include <sys/audioio.h>
configure:16399: result: no
configure:16399: checking sys/audioio.h presence
configure:16399: gcc -E  conftest.c
conftest.c:46:10: fatal error: 'sys/audioio.h' file not found
   46 | #include <sys/audioio.h>
      |          ^~~~~~~~~~~~~~~
1 error generated.
configure:16399: $? = 1
configure: failed program was:
| /* confdefs.h */
| #define PACKAGE_NAME "SoX"
| #define PACKAGE_TARNAME "sox"
| #define PACKAGE_VERSION "14.4.2"
| #define PACKAGE_STRING "SoX 14.4.2"
| #define PACKAGE_BUGREPORT "sox-devel@lists.sourceforge.net"
| #define PACKAGE_URL ""
| #define PACKAGE "sox"
| #define VERSION "14.4.2"
| #define STDC_HEADERS 1
| #define HAVE_SYS_TYPES_H 1
| #define HAVE_SYS_STAT_H 1
| #define HAVE_STDLIB_H 1
| #define HAVE_STRING_H 1
| #define HAVE_MEMORY_H 1
| #define HAVE_STRINGS_H 1
| #define HAVE_INTTYPES_H 1
| #define HAVE_STDINT_H 1
| #define HAVE_UNISTD_H 1
| #define HAVE_DLFCN_H 1
| #define LT_OBJDIR ".libs/"
| #define ENABLE_SSP_CC 1
| #define STDC_HEADERS 1
| #define HAVE_FCNTL_H 1
| #define HAVE_UNISTD_H 1
| #define HAVE_SYS_STAT_H 1
| #define HAVE_SYS_TIME_H 1
| #define HAVE_SYS_TIMEB_H 1
| #define HAVE_SYS_TYPES_H 1
| #define HAVE_SYS_UTSNAME_H 1
| #define HAVE_TERMIOS_H 1
| #define HAVE_GLOB_H 1
| #define HAVE_FENV_H 1
| #define HAVE_STRCASECMP 1
| #define HAVE_STRDUP 1
| #define HAVE_POPEN 1
| #define HAVE_VSNPRINTF 1
| #define HAVE_GETTIMEOFDAY 1
| #define HAVE_MKSTEMP 1
| #define HAVE_FMEMOPEN 1
| #define HAVE_LRINT 1
| #define HAVE_FSEEKO 1
| #define HAVE_COREAUDIO 1
| #define STATIC_COREAUDIO 1
| /* end confdefs.h.  */
| #include <sys/audioio.h>
configure:16399: result: no
configure:16399: checking for sys/audioio.h
configure:16399: result: no
configure:16408: checking sun/audioio.h usability
configure:16408: gcc -c -g -O2 -fstack-protector -Wall -W -Wmissing-prototypes -Wstrict-prototypes -pedantic   conftest.c >&5
conftest.c:79:10: fatal error: 'sun/audioio.h' file not found
   79 | #include <sun/audioio.h>
      |          ^~~~~~~~~~~~~~~
1 error generated.
configure:16408: $? = 1
configure: failed program was:
| /* confdefs.h */
| #define PACKAGE_NAME "SoX"
| #define PACKAGE_TARNAME "sox"
| #define PACKAGE_VERSION "14.4.2"
| #define PACKAGE_STRING "SoX 14.4.2"
| #define PACKAGE_BUGREPORT "sox-devel@lists.sourceforge.net"
| #define PACKAGE_URL ""
| #define PACKAGE "sox"
| #define VERSION "14.4.2"
| #define STDC_HEADERS 1
| #define HAVE_SYS_TYPES_H 1
| #define HAVE_SYS_STAT_H 1
| #define HAVE_STDLIB_H 1
| #define HAVE_STRING_H 1
| #define HAVE_MEMORY_H 1
| #define HAVE_STRINGS_H 1
| #define HAVE_INTTYPES_H 1
| #define HAVE_STDINT_H 1
| #define HAVE_UNISTD_H 1
| #define HAVE_DLFCN_H 1
| #define LT_OBJDIR ".libs/"
| #define ENABLE_SSP_CC 1
| #define STDC_HEADERS 1
| #define HAVE_FCNTL_H 1
| #define HAVE_UNISTD_H 1
| #define HAVE_SYS_STAT_H 1
| #define HAVE_SYS_TIME_H 1
| #define HAVE_SYS_TIMEB_H 1
| #define HAVE_SYS_TYPES_H 1
| #define HAVE_SYS_UTSNAME_H 1
| #define HAVE_TERMIOS_H 1
| #define HAVE_GLOB_H 1
| #define HAVE_FENV_H 1
| #define HAVE_STRCASECMP 1
| #define HAVE_STRDUP 1
| #define HAVE_POPEN 1
| #define HAVE_VSNPRINTF 1
| #define HAVE_GETTIMEOFDAY 1
| #define HAVE_MKSTEMP 1
| #define HAVE_FMEMOPEN 1
| #define HAVE_LRINT 1
| #define HAVE_FSEEKO 1
| #define HAVE_COREAUDIO 1
| #define STATIC_COREAUDIO 1
| /* end confdefs.h.  */
| #include <stdio.h>
| #ifdef HAVE_SYS_TYPES_H
| # include <sys/types.h>
| #endif
| #ifdef HAVE_SYS_STAT_H
| # include <sys/stat.h>
| #endif
| #ifdef STDC_HEADERS
| # include <stdlib.h>
| # include <stddef.h>
| #else
| # ifdef HAVE_STDLIB_H
| #  include <stdlib.h>
| # endif
| #endif
| #ifdef HAVE_STRING_H
| # if !defined STDC_HEADERS && defined HAVE_MEMORY_H
| #  include <memory.h>
| # endif
| # include <string.h>
| #endif
| #ifdef HAVE_STRINGS_H
| # include <strings.h>
| #endif
| #ifdef HAVE_INTTYPES_H
| # include <inttypes.h>
| #endif
| #ifdef HAVE_STDINT_H
| # include <stdint.h>
| #endif
| #ifdef HAVE_UNISTD_H
| # include <unistd.h>
| #endif
| #include <sun/audioio.h>
configure:16408: result: no
configure:16408: checking sun/audioio.h presence
configure:16408: gcc -E  conftest.c
conftest.c:46:10: fatal error: 'sun/audioio.h' file not found
   46 | #include <sun/audioio.h>
      |          ^~~~~~~~~~~~~~~
1 error generated.
configure:16408: $? = 1
configure: failed program was:
| /* confdefs.h */
| #define PACKAGE_NAME "SoX"
| #define PACKAGE_TARNAME "sox"
| #define PACKAGE_VERSION "14.4.2"
| #define PACKAGE_STRING "SoX 14.4.2"
| #define PACKAGE_BUGREPORT "sox-devel@lists.sourceforge.net"
| #define PACKAGE_URL ""
| #define PACKAGE "sox"
| #define VERSION "14.4.2"
| #define STDC_HEADERS 1
| #define HAVE_SYS_TYPES_H 1
| #define HAVE_SYS_STAT_H 1
| #define HAVE_STDLIB_H 1
| #define HAVE_STRING_H 1
| #define HAVE_MEMORY_H 1
| #define HAVE_STRINGS_H 1
| #define HAVE_INTTYPES_H 1
| #define HAVE_STDINT_H 1
| #define HAVE_UNISTD_H 1
| #define HAVE_DLFCN_H 1
| #define LT_OBJDIR ".libs/"
| #define ENABLE_SSP_CC 1
| #define STDC_HEADERS 1
| #define HAVE_FCNTL_H 1
| #define HAVE_UNISTD_H 1
| #define HAVE_SYS_STAT_H 1
| #define HAVE_SYS_TIME_H 1
| #define HAVE_SYS_TIMEB_H 1
| #define HAVE_SYS_TYPES_H 1
| #define HAVE_SYS_UTSNAME_H 1
| #define HAVE_TERMIOS_H 1
| #define HAVE_GLOB_H 1
| #define HAVE_FENV_H 1
| #define HAVE_STRCASECMP 1
| #define HAVE_STRDUP 1
| #define HAVE_POPEN 1
| #define HAVE_VSNPRINTF 1
| #define HAVE_GETTIMEOFDAY 1
| #define HAVE_MKSTEMP 1
| #define HAVE_FMEMOPEN 1
| #define HAVE_LRINT 1
| #define HAVE_FSEEKO 1
| #define HAVE_COREAUDIO 1
| #define STATIC_COREAUDIO 1
| /* end confdefs.h.  */
| #include <sun/audioio.h>
configure:16408: result: no
configure:16408: checking for sun/audioio.h
configure:16408: result: no
configure:16660: checking whether to enable symlinks
configure:16669: result: yes
configure:16810: checking that generated files are newer than configure
configure:16816: result: done
configure:17028: creating ./config.status

## ---------------------- ##
## Running config.status. ##
## ---------------------- ##

This file was extended by SoX config.status 14.4.2, which was
generated by GNU Autoconf 2.69.  Invocation command line was

  CONFIG_FILES    = 
  CONFIG_HEADERS  = 
  CONFIG_LINKS    = 
  CONFIG_COMMANDS = 
  $ ./config.status 

on VoiceboxMDs-Mac-mini.local

config.status:1266: creating Makefile
config.status:1266: creating src/Makefile
config.status:1266: creating libgsm/Makefile
config.status:1266: creating lpc10/Makefile
config.status:1266: creating msvc9/Makefile
config.status:1266: creating msvc10/Makefile
config.status:1266: creating sox.pc
config.status:1266: creating src/soxconfig.h
config.status:1447: src/soxconfig.h is unchanged
config.status:1495: executing depfiles commands
config.status:1495: executing libtool commands
configure:19259: WARNING: unrecognized options: --without-libvorbis

## ---------------- ##
## Cache variables. ##
## ---------------- ##

ac_cv_build=arm-apple-darwin24.3.0
ac_cv_c_bigendian=no
ac_cv_c_compiler_gnu=yes
ac_cv_c_inline=inline
ac_cv_env_CC_set=
ac_cv_env_CC_value=
ac_cv_env_CFLAGS_set=
ac_cv_env_CFLAGS_value=
ac_cv_env_CPPFLAGS_set=
ac_cv_env_CPPFLAGS_value=
ac_cv_env_CPP_set=
ac_cv_env_CPP_value=
ac_cv_env_LDFLAGS_set=
ac_cv_env_LDFLAGS_value=
ac_cv_env_LIBS_set=
ac_cv_env_LIBS_value=
ac_cv_env_OPUS_CFLAGS_set=
ac_cv_env_OPUS_CFLAGS_value=
ac_cv_env_OPUS_LIBS_set=
ac_cv_env_OPUS_LIBS_value=
ac_cv_env_PKG_CONFIG_LIBDIR_set=
ac_cv_env_PKG_CONFIG_LIBDIR_value=
ac_cv_env_PKG_CONFIG_PATH_set=
ac_cv_env_PKG_CONFIG_PATH_value=
ac_cv_env_PKG_CONFIG_set=
ac_cv_env_PKG_CONFIG_value=
ac_cv_env_SNDFILE_CFLAGS_set=
ac_cv_env_SNDFILE_CFLAGS_value=
ac_cv_env_SNDFILE_LIBS_set=
ac_cv_env_SNDFILE_LIBS_value=
ac_cv_env_build_alias_set=
ac_cv_env_build_alias_value=
ac_cv_env_host_alias_set=
ac_cv_env_host_alias_value=
ac_cv_env_target_alias_set=
ac_cv_env_target_alias_value=
ac_cv_func_fmemopen=yes
ac_cv_func_gettimeofday=yes
ac_cv_func_lrint=yes
ac_cv_func_mkstemp=yes
ac_cv_func_popen=yes
ac_cv_func_strcasecmp=yes
ac_cv_func_strdup=yes
ac_cv_func_vsnprintf=yes
ac_cv_header_CoreAudio_CoreAudio_h=yes
ac_cv_header_FLAC_all_h=no
ac_cv_header_alsa_asoundlib_h=no
ac_cv_header_amrnb_sp_dec_h=no
ac_cv_header_amrwb_dec_h=no
ac_cv_header_ao_ao_h=no
ac_cv_header_byteswap_h=no
ac_cv_header_dlfcn_h=yes
ac_cv_header_fcntl_h=yes
ac_cv_header_fenv_h=yes
ac_cv_header_glob_h=yes
ac_cv_header_gsm_gsm_h=no
ac_cv_header_gsm_h=no
ac_cv_header_id3tag_h=no
ac_cv_header_inttypes_h=yes
ac_cv_header_libpng_png_h=no
ac_cv_header_lpc10_h=no
ac_cv_header_machine_soundcard_h=no
ac_cv_header_magic_h=no
ac_cv_header_memory_h=yes
ac_cv_header_mmsystem_h=no
ac_cv_header_opencore_amrnb_interf_dec_h=no
ac_cv_header_opencore_amrwb_dec_if_h=no
ac_cv_header_png_h=no
ac_cv_header_pulse_simple_h=no
ac_cv_header_sndfile_h=no
ac_cv_header_sndio_h=no
ac_cv_header_stdc=yes
ac_cv_header_stdint_h=yes
ac_cv_header_stdlib_h=yes
ac_cv_header_string_h=yes
ac_cv_header_strings_h=yes
ac_cv_header_sun_audioio_h=no
ac_cv_header_sys_audioio_h=no
ac_cv_header_sys_soundcard_h=no
ac_cv_header_sys_stat_h=yes
ac_cv_header_sys_time_h=yes
ac_cv_header_sys_timeb_h=yes
ac_cv_header_sys_types_h=yes
ac_cv_header_sys_utsname_h=yes
ac_cv_header_termios_h=yes
ac_cv_header_twolame_h=no
ac_cv_header_unistd_h=yes
ac_cv_header_vorbis_codec_h=no
ac_cv_header_wavpack_wavpack_h=no
ac_cv_host=arm-apple-darwin24.3.0
ac_cv_lib_dl_dlopen=yes
ac_cv_lib_gsm_gsm_create=no
ac_cv_lib_lpc10_create_lpc10_encoder_state=no
ac_cv_lib_twolame_twolame_init=no
ac_cv_objext=o
ac_cv_path_EGREP='/usr/bin/grep -E'
ac_cv_path_FGREP='/usr/bin/grep -F'
ac_cv_path_GREP=/usr/bin/grep
ac_cv_path_SED=/usr/bin/sed
ac_cv_path_ac_pt_PKG_CONFIG=/opt/homebrew/bin/pkg-config
ac_cv_path_install='/usr/bin/install -c'
ac_cv_prog_AWK=awk
ac_cv_prog_CPP='gcc -E'
ac_cv_prog_ac_ct_AR=ar
ac_cv_prog_ac_ct_CC=gcc
ac_cv_prog_ac_ct_DSYMUTIL=dsymutil
ac_cv_prog_ac_ct_LIPO=lipo
ac_cv_prog_ac_ct_NMEDIT=nmedit
ac_cv_prog_ac_ct_OBJDUMP=objdump
ac_cv_prog_ac_ct_OTOOL=otool
ac_cv_prog_ac_ct_RANLIB=ranlib
ac_cv_prog_ac_ct_STRIP=strip
ac_cv_prog_c_openmp=unsupported
ac_cv_prog_cc_c89=
ac_cv_prog_cc_g=yes
ac_cv_prog_make_make_set=yes
ac_cv_search_lrint='none required'
ac_cv_search_pow='none required'
ac_cv_sys_file_offset_bits=no
ac_cv_sys_largefile_CC=no
ac_cv_sys_largefile_source=no
ac_cv_target=arm-apple-darwin24.3.0
am_cv_CC_dependencies_compiler_type=gcc3
am_cv_make_support_nested_variables=yes
am_cv_prog_cc_c_o=yes
lt_cv_apple_cc_single_mod=no
lt_cv_ar_at_file=no
lt_cv_deplibs_check_method=pass_all
lt_cv_dlopen=dlopen
lt_cv_dlopen_libs=-ldl
lt_cv_dlopen_self=yes
lt_cv_dlopen_self_static=yes
lt_cv_file_magic_cmd='$MAGIC_CMD'
lt_cv_file_magic_test_file=
lt_cv_ld_exported_symbols_list=yes
lt_cv_ld_force_load=yes
lt_cv_ld_reload_flag=-r
lt_cv_nm_interface='BSD nm'
lt_cv_objdir=.libs
lt_cv_path_LD=/Library/Developer/CommandLineTools/usr/bin/ld
lt_cv_path_NM='/usr/bin/nm -B'
lt_cv_path_mainfest_tool=no
lt_cv_prog_compiler_c_o=yes
lt_cv_prog_compiler_pic='-fno-common -DPIC'
lt_cv_prog_compiler_pic_works=yes
lt_cv_prog_compiler_rtti_exceptions=yes
lt_cv_prog_compiler_static_works=no
lt_cv_prog_gnu_ld=no
lt_cv_sharedlib_from_linklib_cmd='printf %s\n'
lt_cv_sys_global_symbol_pipe='sed -n -e '\''s/^.*[	 ]\([ABCDGIRSTW][ABCDGIRSTW]*\)[	 ][	 ]*_\([_A-Za-z][_A-Za-z0-9]*\)$/\1 _\2 \2/p'\'' | sed '\''/ __gnu_lto/d'\'''
lt_cv_sys_global_symbol_to_c_name_address='sed -n -e '\''s/^: \([^ ]*\)[ ]*$/  {\"\1\", (void *) 0},/p'\'' -e '\''s/^[ABCDGIRSTW]* \([^ ]*\) \([^ ]*\)$/  {"\2", (void *) \&\2},/p'\'''
lt_cv_sys_global_symbol_to_c_name_address_lib_prefix='sed -n -e '\''s/^: \([^ ]*\)[ ]*$/  {\"\1\", (void *) 0},/p'\'' -e '\''s/^[ABCDGIRSTW]* \([^ ]*\) \(lib[^ ]*\)$/  {"\2", (void *) \&\2},/p'\'' -e '\''s/^[ABCDGIRSTW]* \([^ ]*\) \([^ ]*\)$/  {"lib\2", (void *) \&\2},/p'\'''
lt_cv_sys_global_symbol_to_cdecl='sed -n -e '\''s/^T .* \(.*\)$/extern int \1();/p'\'' -e '\''s/^[ABCDGIRSTW]* .* \(.*\)$/extern char \1;/p'\'''
lt_cv_sys_max_cmd_len=786432
lt_cv_to_host_file_cmd=func_convert_file_noop
lt_cv_to_tool_file_cmd=func_convert_file_noop
ssp_cv_cc=yes
ssp_cv_lib=no

## ----------------- ##
## Output variables. ##
## ----------------- ##

ACLOCAL='${SHELL} /Users/voiceboxmd/Downloads/sox-14.4.2/missing aclocal-1.14'
ALSA_CFLAGS=''
ALSA_LIBS=''
AMDEPBACKSLASH='\'
AMDEP_FALSE='#'
AMDEP_TRUE=''
AMRNB_CFLAGS=''
AMRNB_LIBS=''
AMRWB_CFLAGS=''
AMRWB_LIBS=''
AMTAR='$${TAR-tar}'
AM_BACKSLASH='\'
AM_DEFAULT_V='$(AM_DEFAULT_VERBOSITY)'
AM_DEFAULT_VERBOSITY='0'
AM_V='$(V)'
AO_CFLAGS=''
AO_LIBS=''
APP_LDFLAGS=''
AR='ar'
AS='as'
AUTOCONF='${SHELL} /Users/voiceboxmd/Downloads/sox-14.4.2/missing autoconf'
AUTOHEADER='${SHELL} /Users/voiceboxmd/Downloads/sox-14.4.2/missing autoheader'
AUTOMAKE='${SHELL} /Users/voiceboxmd/Downloads/sox-14.4.2/missing automake-1.14'
AWK='awk'
CC='gcc'
CCDEPMODE='depmode=gcc3'
CFLAGS='-g -O2 -fstack-protector -Wall -W -Wmissing-prototypes -Wstrict-prototypes -pedantic '
COREAUDIO_CFLAGS=''
COREAUDIO_LIBS=' -Wl,-framework,CoreAudio'
CPP='gcc -E'
CPPFLAGS=''
CYGPATH_W='echo'
DEFS='-DHAVE_CONFIG_H'
DEPDIR='.deps'
DISTRO='not specified!'
DLLTOOL='false'
DSYMUTIL='dsymutil'
DUMPBIN=''
ECHO_C='\c'
ECHO_N=''
ECHO_T=''
EGREP='/usr/bin/grep -E'
EXEEXT=''
EXTERNAL_GSM_FALSE=''
EXTERNAL_GSM_TRUE='#'
EXTERNAL_LPC10_FALSE=''
EXTERNAL_LPC10_TRUE='#'
FGREP='/usr/bin/grep -F'
FLAC_CFLAGS=''
FLAC_LIBS=''
GOMP_LIBS=''
GREP='/usr/bin/grep'
GSM_CFLAGS=''
GSM_LIBS=''
HAVE_ALSA_FALSE=''
HAVE_ALSA_TRUE='#'
HAVE_AMRNB_FALSE=''
HAVE_AMRNB_TRUE='#'
HAVE_AMRWB_FALSE=''
HAVE_AMRWB_TRUE='#'
HAVE_AO_FALSE=''
HAVE_AO_TRUE='#'
HAVE_COREAUDIO_FALSE='#'
HAVE_COREAUDIO_TRUE=''
HAVE_DISTRO_FALSE=''
HAVE_DISTRO_TRUE='#'
HAVE_FLAC_FALSE=''
HAVE_FLAC_TRUE='#'
HAVE_GSM_FALSE='#'
HAVE_GSM_TRUE=''
HAVE_ID3TAG_FALSE=''
HAVE_ID3TAG_TRUE='#'
HAVE_LIBLTDL_FALSE=''
HAVE_LIBLTDL_TRUE='#'
HAVE_LPC10_FALSE='#'
HAVE_LPC10_TRUE=''
HAVE_MAGIC_FALSE=''
HAVE_MAGIC_TRUE='#'
HAVE_MP3_FALSE=''
HAVE_MP3_TRUE='#'
HAVE_OGG_VORBIS_FALSE=''
HAVE_OGG_VORBIS_TRUE='#'
HAVE_OPUS_FALSE=''
HAVE_OPUS_TRUE='#'
HAVE_OSS_FALSE=''
HAVE_OSS_TRUE='#'
HAVE_PKGCONFIG_FALSE='#'
HAVE_PKGCONFIG_TRUE=''
HAVE_PNG_FALSE=''
HAVE_PNG_TRUE='#'
HAVE_PULSEAUDIO_FALSE=''
HAVE_PULSEAUDIO_TRUE='#'
HAVE_SNDFILE_FALSE=''
HAVE_SNDFILE_TRUE='#'
HAVE_SNDIO_FALSE=''
HAVE_SNDIO_TRUE='#'
HAVE_SUN_AUDIO_FALSE=''
HAVE_SUN_AUDIO_TRUE='#'
HAVE_WAVEAUDIO_FALSE=''
HAVE_WAVEAUDIO_TRUE='#'
HAVE_WAVPACK_FALSE=''
HAVE_WAVPACK_TRUE='#'
HAVE_WIN32_GLOB_FALSE=''
HAVE_WIN32_GLOB_TRUE='#'
HAVE_WIN32_LTDL_FALSE=''
HAVE_WIN32_LTDL_TRUE='#'
INSTALL_DATA='${INSTALL} -m 644'
INSTALL_PROGRAM='${INSTALL}'
INSTALL_SCRIPT='${INSTALL}'
INSTALL_STRIP_PROGRAM='$(install_sh) -c -s'
LADSPA_PATH='${exec_prefix}/lib/ladspa'
LD='/Library/Developer/CommandLineTools/usr/bin/ld'
LDFLAGS=''
LIBGSM_LIBADD='../libgsm/libgsm.la'
LIBLPC10_LIBADD='../lpc10/liblpc10.la'
LIBLTDL=''
LIBOBJS=''
LIBS=''
LIBTOOL='$(SHELL) $(top_builddir)/libtool'
LIBTOOLFLAGS='--silent'
LIBTOOL_DEPS='./ltmain.sh'
LIPO='lipo'
LN_S='ln -s'
LPC10_CFLAGS=''
LPC10_LIBS=''
LTLIBOBJS=''
MAGIC_LIBS=''
MAKEINFO='${SHELL} /Users/voiceboxmd/Downloads/sox-14.4.2/missing makeinfo'
MANIFEST_TOOL=':'
MKDIR_P='./install-sh -c -d'
MP3_CFLAGS=''
MP3_LIBS=''
NM='/usr/bin/nm -B'
NMEDIT='nmedit'
OBJDUMP='objdump'
OBJEXT='o'
OGG_VORBIS_CFLAGS=''
OGG_VORBIS_LIBS=''
OPENMP_CFLAGS=''
OPUS_CFLAGS=' -Wno-long-long'
OPUS_LIBS=''
OSS_CFLAGS=''
OSS_LIBS=''
OTOOL64=':'
OTOOL='otool'
PACKAGE='sox'
PACKAGE_BUGREPORT='sox-devel@lists.sourceforge.net'
PACKAGE_NAME='SoX'
PACKAGE_STRING='SoX 14.4.2'
PACKAGE_TARNAME='sox'
PACKAGE_URL=''
PACKAGE_VERSION='14.4.2'
PATH_SEPARATOR=':'
PKGCONFIGDIR='$(libdir)/pkgconfig'
PKG_CONFIG='/opt/homebrew/bin/pkg-config'
PKG_CONFIG_LIBDIR=''
PKG_CONFIG_PATH=''
PLAYRECLINKS='yes'
PNG_LIBS=''
PULSEAUDIO_CFLAGS=''
PULSEAUDIO_LIBS=''
RANLIB='ranlib'
SED='/usr/bin/sed'
SET_MAKE=''
SHELL='/bin/sh'
SHLIB_VERSION='3:0:0'
SNDFILE_CFLAGS=''
SNDFILE_LIBS='-lsndfile '
SNDIO_CFLAGS=''
SNDIO_LIBS=''
STATIC_ALSA_FALSE=''
STATIC_ALSA_TRUE='#'
STATIC_AMRNB_FALSE=''
STATIC_AMRNB_TRUE='#'
STATIC_AMRWB_FALSE=''
STATIC_AMRWB_TRUE='#'
STATIC_AO_FALSE=''
STATIC_AO_TRUE='#'
STATIC_COREAUDIO_FALSE='#'
STATIC_COREAUDIO_TRUE=''
STATIC_FLAC_FALSE=''
STATIC_FLAC_TRUE='#'
STATIC_GSM_FALSE='#'
STATIC_GSM_TRUE=''
STATIC_LIBSOX_ONLY_FALSE='#'
STATIC_LIBSOX_ONLY_TRUE=''
STATIC_LPC10_FALSE='#'
STATIC_LPC10_TRUE=''
STATIC_MP3_FALSE=''
STATIC_MP3_TRUE='#'
STATIC_OGG_VORBIS_FALSE=''
STATIC_OGG_VORBIS_TRUE='#'
STATIC_OPUS_FALSE=''
STATIC_OPUS_TRUE='#'
STATIC_OSS_FALSE=''
STATIC_OSS_TRUE='#'
STATIC_PULSEAUDIO_FALSE=''
STATIC_PULSEAUDIO_TRUE='#'
STATIC_SNDFILE_FALSE=''
STATIC_SNDFILE_TRUE='#'
STATIC_SNDIO_FALSE=''
STATIC_SNDIO_TRUE='#'
STATIC_SUN_AUDIO_FALSE=''
STATIC_SUN_AUDIO_TRUE='#'
STATIC_WAVEAUDIO_FALSE=''
STATIC_WAVEAUDIO_TRUE='#'
STATIC_WAVPACK_FALSE=''
STATIC_WAVPACK_TRUE='#'
STRIP='strip'
SUN_AUDIO_CFLAGS=''
SUN_AUDIO_LIBS=''
SYMLINKS='yes'
VERSION='14.4.2'
WARN_CFLAGS='-Wtraditional-conversion'
WAVEAUDIO_CFLAGS=''
WAVEAUDIO_LIBS=''
WAVPACK_CFLAGS=''
WAVPACK_LIBS=''
ac_ct_AR='ar'
ac_ct_CC='gcc'
ac_ct_DUMPBIN=''
am__EXEEXT_FALSE=''
am__EXEEXT_TRUE='#'
am__fastdepCC_FALSE='#'
am__fastdepCC_TRUE=''
am__include='include'
am__isrc=''
am__leading_dot='.'
am__nodep='_no'
am__quote=''
am__tar='$${TAR-tar} chof - "$$tardir"'
am__untar='$${TAR-tar} xf -'
bindir='${exec_prefix}/bin'
build='arm-apple-darwin24.3.0'
build_alias=''
build_cpu='arm'
build_os='darwin24.3.0'
build_vendor='apple'
datadir='${datarootdir}'
datarootdir='${prefix}/share'
docdir='${datarootdir}/doc/${PACKAGE_TARNAME}'
dvidir='${docdir}'
exec_prefix='${prefix}'
host='arm-apple-darwin24.3.0'
host_alias=''
host_cpu='arm'
host_os='darwin24.3.0'
host_vendor='apple'
htmldir='${docdir}'
includedir='${prefix}/include'
infodir='${datarootdir}/info'
install_sh='${SHELL} /Users/voiceboxmd/Downloads/sox-14.4.2/install-sh'
libdir='${exec_prefix}/lib'
libexecdir='${exec_prefix}/libexec'
localedir='${datarootdir}/locale'
localstatedir='${prefix}/var'
mandir='${datarootdir}/man'
mkdir_p='$(MKDIR_P)'
oldincludedir='/usr/include'
pdfdir='${docdir}'
prefix='/usr/local'
program_transform_name='s,x,x,'
psdir='${docdir}'
sbindir='${exec_prefix}/sbin'
sharedstatedir='${prefix}/com'
sysconfdir='${prefix}/etc'
target='arm-apple-darwin24.3.0'
target_alias=''
target_cpu='arm'
target_os='darwin24.3.0'
target_vendor='apple'

## ----------- ##
## confdefs.h. ##
## ----------- ##

/* confdefs.h */
#define PACKAGE_NAME "SoX"
#define PACKAGE_TARNAME "sox"
#define PACKAGE_VERSION "14.4.2"
#define PACKAGE_STRING "SoX 14.4.2"
#define PACKAGE_BUGREPORT "sox-devel@lists.sourceforge.net"
#define PACKAGE_URL ""
#define PACKAGE "sox"
#define VERSION "14.4.2"
#define STDC_HEADERS 1
#define HAVE_SYS_TYPES_H 1
#define HAVE_SYS_STAT_H 1
#define HAVE_STDLIB_H 1
#define HAVE_STRING_H 1
#define HAVE_MEMORY_H 1
#define HAVE_STRINGS_H 1
#define HAVE_INTTYPES_H 1
#define HAVE_STDINT_H 1
#define HAVE_UNISTD_H 1
#define HAVE_DLFCN_H 1
#define LT_OBJDIR ".libs/"
#define ENABLE_SSP_CC 1
#define STDC_HEADERS 1
#define HAVE_FCNTL_H 1
#define HAVE_UNISTD_H 1
#define HAVE_SYS_STAT_H 1
#define HAVE_SYS_TIME_H 1
#define HAVE_SYS_TIMEB_H 1
#define HAVE_SYS_TYPES_H 1
#define HAVE_SYS_UTSNAME_H 1
#define HAVE_TERMIOS_H 1
#define HAVE_GLOB_H 1
#define HAVE_FENV_H 1
#define HAVE_STRCASECMP 1
#define HAVE_STRDUP 1
#define HAVE_POPEN 1
#define HAVE_VSNPRINTF 1
#define HAVE_GETTIMEOFDAY 1
#define HAVE_MKSTEMP 1
#define HAVE_FMEMOPEN 1
#define HAVE_LRINT 1
#define HAVE_FSEEKO 1
#define HAVE_COREAUDIO 1
#define STATIC_COREAUDIO 1
#define HAVE_GSM 1
#define STATIC_GSM 1
#define HAVE_LPC10 1
#define STATIC_LPC10 1

configure: exit 0
